preference,index,std_delta_len,position_component,position_length_interaction,not_gamed_baseline
0.9972850149000001,0,-1.0693489112580563,1,-1.0693489112580563,False
0.9840936086000001,1,-7.604715911215948,1,-7.604715911215948,False
0.08509903020000009,2,0.2344341843911893,1,0.2344341843911893,False
0.9905874121,3,-1.1927353240955245,0,-0.0,False
0.8397339690000001,4,-0.6868510314619055,0,-0.0,False
0.7718435014,5,-0.21181334203765348,0,-0.0,False
0.00031503859999992834,6,0.13366861390725704,1,0.13366861390725704,False
0.999943502,7,-0.878099971359981,0,-0.0,False
0.9755769078000001,8,-1.3716456227098532,0,-0.0,False
0.20181321419999998,9,-0.5511259773406906,1,-0.5511259773406906,False
0.8128673178000001,10,-2.6466385553636895,1,-2.6466385553636895,False
0.7310585727000001,11,0.21592622246556908,1,0.21592622246556908,False
0.9991440994,12,-1.3963229052773467,0,-0.0,False
0.21206880100000003,13,-1.5916847256033377,1,-1.5916847256033377,False
0.43014734860000003,14,-1.8240624697805694,1,-1.8240624697805694,False
0.8080672213,15,-0.7135847542433569,1,-0.7135847542433569,False
0.9994472212000001,16,-1.3798713835656844,0,-0.0,False
0.09268777900000003,17,-0.4092316025776024,0,-0.0,False
0.9324533133000001,18,-0.33519975487512155,1,-0.33519975487512155,False
0.9343951610000001,19,-0.7567699987364707,0,-0.0,False
0.5851011542,20,-1.6533779320220718,0,-0.0,False
0.9966233875000001,21,-2.0070856488228137,0,-0.0,False
0.9850429165000001,22,-1.6287006494545782,0,-0.0,False
0.9979492568000001,23,-1.6883374156593545,1,-1.6883374156593545,False
0.9999995408,24,-1.0549538297603518,0,-0.0,False
0.8080672198000001,25,-0.5737468196942265,0,-0.0,False
0.2814056074,26,-0.7094718738154413,1,-0.7094718738154413,False
0.9539660999999999,27,-1.6554343722360296,1,-1.6554343722360296,False
0.1097057709,28,-1.19684820452344,1,-1.19684820452344,False
0.7371581588,29,0.526448694773197,0,0.0,False
0.9976768374,30,-1.3695891824958952,0,-0.0,False
0.9990600562,31,-0.7115283140293991,0,-0.0,False
0.9496693673000001,32,-1.8651912740597254,0,-0.0,False
0.7490872130999999,33,-1.1906788838815667,1,-1.1906788838815667,False
0.9999819415,34,-2.29087439834899,0,-0.0,False
0.9990889488000001,35,-1.394266465063389,0,-0.0,False
0.1441488529999999,36,-0.6971332325316945,1,-0.6971332325316945,False
0.9124361621000001,37,-1.5114835572589835,1,-1.5114835572589835,False
0.16451646009999998,38,-0.6416093467548338,1,-0.6416093467548338,False
0.9996540084000001,39,-3.0065155928063048,0,-0.0,False
0.9196425338,40,-1.4189437476308826,1,-1.4189437476308826,False
0.9539660988,41,-0.7362055965968927,0,-0.0,False
0.9615338092000001,42,-0.4585861677125896,0,-0.0,False
0.9996317021000001,43,-1.2132997262351024,0,-0.0,False
0.6076631698000001,44,-0.33519975487512155,1,-0.33519975487512155,False
0.9845754458,45,-2.4841797784610233,0,-0.0,False
0.9998028305,46,-2.239463393000045,0,-0.0,False
0.9989677689,47,-1.0199943461230692,0,-0.0,False
0.5312093734000001,48,-0.2693936680284719,0,-0.0,False
0.9173026494000001,49,-1.6492650515941563,0,-0.0,False
0.012053781199999891,50,-0.22620842353535808,1,-0.22620842353535808,False
0.9648551507,51,-0.8863257322158121,0,-0.0,False
0.9992678187000001,52,-0.35370771680074176,0,-0.0,False
0.9755769095,53,-2.3834142079770912,1,-2.3834142079770912,False
0.9981324343,54,-1.2420898892305117,0,-0.0,False
0.607663177,55,-1.0385023080486895,1,-1.0385023080486895,False
0.007121428800000107,56,-0.4935456513498722,1,-0.4935456513498722,False
0.9496693684999999,57,-0.6128191837594247,0,-0.0,False
0.8558511395999999,58,-0.70124611295961,0,-0.0,False
0.5621765008999999,59,-0.8184632051552048,1,-0.8184632051552048,False
0.9978172837000001,60,-0.5840290207640154,0,-0.0,False
0.9241418256,61,-0.47298124921029416,0,-0.0,False
0.9591542873000001,62,-0.5716903794802686,0,-0.0,False
0.9465966698000001,63,-1.9968034477530245,1,-1.9968034477530245,False
0.9992903298,64,-1.2462027696584272,0,-0.0,False
0.010986943800000093,65,-0.6909639118898211,1,-0.6909639118898211,False
0.5467381520000001,66,-1.3449118999284018,0,-0.0,False
0.9998644792,67,-0.6457222271827494,0,-0.0,False
0.5156199157000001,68,-2.015311409678645,1,-2.015311409678645,False
0.362969224,69,0.5511259773406906,0,0.0,False
0.9715639668,70,-0.3043531516657545,1,-0.3043531516657545,False
0.9999816571,71,-1.034389427620774,0,-0.0,False
0.23370634619999997,72,-1.6389828505243673,0,-0.0,False
0.9284088025000001,73,-0.6950767923177367,1,-0.6950767923177367,False
0.9825575119000001,74,-1.3716456227098532,0,-0.0,False
0.7431680124,75,-0.2570550267447251,1,-0.2570550267447251,False
0.9755769095,76,-0.8081810040854157,0,-0.0,False
0.9978172841999999,77,-0.8143503247272891,0,-0.0,False
0.9626731123000001,78,-0.7670521998062597,0,-0.0,False
0.7185943845,79,-0.939793177778715,1,-0.939793177778715,False
0.0003101560000000614,80,-0.13572505412121486,1,-0.13572505412121486,False
0.9997346977000001,81,-1.8220060295666114,0,-0.0,False
0.9989677691000001,82,-0.6642301891083696,1,-0.6642301891083696,False
0.8670357598,83,-0.2940709505959655,1,-0.2940709505959655,False
0.7606506563,84,-1.19684820452344,0,-0.0,False
0.9525741267000001,85,-0.5655210588383952,0,-0.0,False
0.9981324341,86,-0.4585861677125896,1,-0.4585861677125896,False
0.20181323680000007,87,-0.7176976346712725,1,-0.7176976346712725,False
0.9999008473,88,-1.2235819273048916,0,-0.0,False
0.9697854139,89,-0.629270705471087,0,-0.0,False
0.8740772319000001,90,-0.7978988030156267,0,-0.0,False
0.9992678187999999,91,-0.898664373499559,0,-0.0,False
0.0005527785999999146,92,0.2282648637493159,1,0.2282648637493159,False
0.9845754514,93,-0.5819725805500576,0,-0.0,False
0.38491215160000003,94,0.5922547816198467,0,0.0,False
0.8991213818000001,95,-1.4991449159752368,1,-1.4991449159752368,False
0.787931194,96,0.04318524449311382,0,0.0,False
0.11279541329999998,97,0.004112880427915602,1,0.004112880427915602,False
0.9916842197,98,-1.4847498344775323,1,-1.4847498344775323,False
0.4765796511,99,-1.4785805138356587,0,-0.0,False
0.06560484179999992,100,-0.475037689424252,1,-0.475037689424252,False
0.9990600562,101,-1.9865212466832356,0,-0.0,False
0.8670357621,102,-1.4888627149054479,1,-1.4888627149054479,False
0.9124361597000001,103,-1.8343446708503583,1,-1.8343446708503583,False
0.9999053874000001,104,-0.5840290207640154,0,-0.0,False
0.9999984943,105,-1.3243474977888237,0,-0.0,False
0.0550052887000001,106,-0.034959483637282615,1,-0.034959483637282615,False
0.9019206854000001,107,-1.1433807589605371,0,-0.0,False
0.9525741276999999,108,-1.1289856774628326,1,-1.1289856774628326,False
0.9980732657,109,-0.8698742105041497,0,-0.0,False
0.5926666,110,-0.2467728256749361,1,-0.2467728256749361,False
0.29421497220000004,111,-0.13161217369329925,1,-0.13161217369329925,False
0.06954174260000001,112,-0.8616484496483185,1,-0.8616484496483185,False
0.8596637457,113,-1.5217657583287725,1,-1.5217657583287725,False
0.6150878626,114,0.041128804279156016,1,0.041128804279156016,False
0.9973683254000001,115,-0.12749929326538365,0,-0.0,False
0.8175744791999999,116,-1.1269292372488748,1,-1.1269292372488748,False
0.3073580169000001,117,-0.5408437762709016,1,-0.5408437762709016,False
0.9999379495,118,-3.703648825337999,0,-0.0,False
0.9999307782,119,-0.6683430695362853,0,-0.0,False
0.9995044640000001,120,-0.36604635808448854,0,-0.0,False
0.2942149679999999,121,-1.4724111931937853,1,-1.4724111931937853,False
0.8596637444999999,122,-1.4415645899844183,1,-1.4415645899844183,False
0.9998804014,123,-1.7089018177989324,0,-0.0,False
0.9995557817,124,-1.8117238284968225,0,-0.0,False
0.00912563590000004,125,-0.8924950528576856,1,-0.8924950528576856,False
0.8840392756,126,-0.2940709505959655,1,-0.2940709505959655,False
0.9149009706,127,-1.2873315739375832,1,-1.2873315739375832,False
1.384600000009506e-05,128,1.0960826340395078,1,1.0960826340395078,False
0.6791786905000001,129,-0.2406035050330627,1,-0.2406035050330627,False
0.32082130080000004,130,-1.9597875239017841,1,-1.9597875239017841,False
0.9783846677000001,131,-1.073461791685972,1,-1.073461791685972,False
0.1066905963,132,-0.3701592385124041,1,-0.3701592385124041,False
0.017986211700000032,133,0.2200391028934847,1,0.2200391028934847,False
0.10374863710000004,134,-0.026733722781451412,1,-0.026733722781451412,False
0.9219218385000001,135,-0.8945514930716434,1,-0.8945514930716434,False
0.7772998525000001,136,-1.2256383675188494,0,-0.0,False
0.9579122690999999,137,-1.9392231217622062,0,-0.0,False
0.004070136299999971,138,1.5197093181148147,1,1.5197093181148147,False
0.7772998611999999,139,-0.11104777155372124,1,-0.11104777155372124,False
0.6001883592999999,140,-3.0373621960156716,0,-0.0,False
0.6224593312,141,1.4744676334077431,0,0.0,False
0.43782349910000007,142,0.13161217369329925,1,0.13161217369329925,False
0.0850990559,143,-0.7135847542433569,0,-0.0,False
0.9976768379000001,144,0.13572505412121486,0,0.0,False
0.6442251294000001,145,0.5963676620477623,0,0.0,False
0.5,146,1.3058395358632036,0,0.0,False
0.9979492566000001,147,0.5346744556290282,1,0.5346744556290282,False
0.16026602960000003,148,-2.3895835286189646,1,-2.3895835286189646,False
0.11596071519999995,149,0.7464877976666817,1,0.7464877976666817,False
0.011687255300000032,150,-0.030846603209367014,1,-0.030846603209367014,False
0.024423091899999916,151,-1.1495500796024107,1,-1.1495500796024107,False
0.9953904284000001,152,-0.9089465745693479,0,-0.0,False
0.2689414135000001,153,-1.6677730135197764,0,-0.0,False
0.9966233873000001,154,-2.068778855241548,0,-0.0,False
0.6076631746000001,155,-0.13983793454913046,1,-0.13983793454913046,False
0.9958012041,156,-0.39689296129385554,1,-0.39689296129385554,False
0.9994725216,157,-3.09494252200649,0,-0.0,False
0.9965165760000001,158,-1.3716456227098532,0,-0.0,False
0.9996430294,159,-0.5408437762709016,0,-0.0,False
0.9914225176,160,0.4092316025776024,0,0.0,False
0.9991959141,161,-0.7773344008760487,0,-0.0,False
0.1008786290999999,162,0.6950767923177367,0,0.0,False
0.9997305208,163,-2.0502708933159273,0,-0.0,False
0.9994806950999999,164,-1.361363421640064,0,-0.0,False
0.03732688769999992,165,0.3228611135913747,1,0.3228611135913747,False
0.2877678117,166,-0.30640959187971234,1,-0.30640959187971234,False
0.3775406641000001,167,0.36810279829844633,1,0.36810279829844633,False
0.00017400539999989917,168,-0.9541882592764196,1,-0.9541882592764196,False
0.9706877709000001,169,0.6374964663269183,0,0.0,False
0.9969246302000001,170,-2.630187033652027,0,-0.0,False
0.08035747469999999,171,-0.43596532535905375,0,-0.0,False
0.9099070085000001,172,-1.4785805138356587,1,-1.4785805138356587,False
0.9999909195000001,173,-2.821435973550103,0,-0.0,False
0.18713267459999994,174,-0.980921982057871,1,-0.980921982057871,False
0.4225046348000001,175,-0.8904386126437277,1,-0.8904386126437277,False
0.12940273270000002,176,-0.03907236406519821,0,-0.0,False
0.007345826199999905,177,1.042615188476605,1,1.042615188476605,False
0.9976768380000001,178,-2.4430509741818676,0,-0.0,False
0.27512972979999994,179,-0.2858451897401343,1,-0.2858451897401343,False
0.31405055579999996,180,-0.7506006780945973,1,-0.7506006780945973,False
0.6297746004,181,-0.7279798357410615,1,-0.7279798357410615,False
0.6859494615000001,182,-0.3022967114517967,0,-0.0,False
0.8962513793,183,-1.9803519260413622,0,-0.0,False
0.5078118643,184,-0.30640959187971234,0,-0.0,False
0.05500529070000004,185,0.5552388577686063,1,0.5552388577686063,False
0.9933071469000001,186,-1.0899133133976344,0,-0.0,False
0.19682620359999992,187,-0.7094718738154413,0,-0.0,False
0.08035746440000002,188,-2.323777441772315,1,-2.323777441772315,False
0.9525741265000001,189,-0.8493098083645717,1,-0.8493098083645717,False
0.9997765837000001,190,-0.8595920094343608,0,-0.0,False
0.999908298,191,-1.0282201069789003,0,-0.0,False
0.9992445943000001,192,-1.320234617360908,0,-0.0,False
0.8807970885,193,-1.3880971444215155,1,-1.3880971444215155,False
0.9994472213000001,194,-0.9233416560670525,0,-0.0,False
0.9988304898,195,-0.32697399401929034,0,-0.0,False
0.9381240218,196,-0.9171723354251792,1,-0.9171723354251792,False
0.9998644792,197,-0.8205196453691626,0,-0.0,False
0.9854964193,198,-1.3757585031377688,1,-1.3757585031377688,False
0.5,199,0.0,0,0.0,False
0.6513548488,200,-0.6971332325316945,1,-0.6971332325316945,False
0.5467381520000001,201,-0.33519975487512155,0,-0.0,False
0.2068940587000001,202,0.2529421463168095,0,0.0,False
0.04603390000000007,203,-1.0919697536115922,1,-1.0919697536115922,False
0.08509904060000006,204,-0.2817323093122187,0,-0.0,False
0.9553191261,205,-0.9788655418439132,0,-0.0,False
0.8933094118,206,-0.14600725519100385,0,-0.0,False
0.9993537965000001,207,0.012338641283746805,0,0.0,False
0.5,208,0.06169320641873403,0,0.0,False
0.9284087926,209,-0.04524168470707162,0,-0.0,False
0.9481545343,210,-1.7068453775849746,1,-1.7068453775849746,False
0.9994806951999999,211,-1.0549538297603518,0,-0.0,False
0.6224593242,212,-1.157775840458242,0,-0.0,False
0.1645164629,213,-0.07814472813039643,0,-0.0,False
0.7718434943000001,214,0.006169320641873402,1,0.006169320641873402,False
0.32082131829999994,215,-0.7814472813039643,1,-0.7814472813039643,False
0.6370307990999999,216,-1.258541410942174,0,-0.0,False
0.6297746074000001,217,-0.12955573347934146,0,-0.0,False
0.7122321842000001,218,-0.15217657583287725,1,-0.15217657583287725,False
0.037326890899999965,219,-0.6889074716758633,1,-0.6889074716758633,False
0.3276683052,220,-0.3701592385124041,0,-0.0,False
0.4225046348000001,221,-1.5814025245335488,0,-0.0,False
0.1192029147,222,1.1906788838815667,1,1.1906788838815667,False
0.9992206338,223,-2.7206704030661704,0,-0.0,False
0.9678992963999999,224,-0.36810279829844633,1,-0.36810279829844633,False
0.17781087240000004,225,-0.7855601617318799,1,-0.7855601617318799,False
0.22270012500000003,226,0.37221567872636196,0,0.0,False
0.803173809,227,-0.5552388577686063,0,-0.0,False
0.02297736870000011,228,-0.37632855915427754,1,-0.37632855915427754,False
0.9591542827999999,229,-0.7362055965968927,0,-0.0,False
0.9019206792000001,230,0.014395081497704606,0,0.0,False
0.9995826843,231,-1.4415645899844183,0,-0.0,False
0.3702253926000001,232,-0.878099971359981,0,-0.0,False
0.9940889327,233,-0.7876166019458377,0,-0.0,False
0.9481545357000001,234,-0.5285051349871548,1,-0.5285051349871548,False
0.9511422234,235,-0.5943112218338045,1,-0.5943112218338045,False
0.3629692217,236,-0.22209554310744248,0,-0.0,False
0.14804720559999995,237,-0.7279798357410615,0,-0.0,False
0.7185943723000001,238,-0.5819725805500576,1,-0.5819725805500576,False
0.9808759609,239,-0.41128804279156017,0,-0.0,False
0.4687906265999999,240,-0.7835037215179221,1,-0.7835037215179221,False
0.9990600559,241,-0.8349147268668671,1,-0.8349147268668671,False
0.9937100973999999,242,-0.7773344008760487,0,-0.0,False
0.8705972808,243,-1.5341043996125194,0,-0.0,False
0.7185943845,244,-1.8014416274270335,0,-0.0,False
0.16885695069999995,245,-1.1022519546813812,0,-0.0,False
0.8774767843,246,-3.210103173988127,0,-0.0,False
0.3998116407000001,247,-0.7752779606620909,1,-0.7752779606620909,False
0.9814534368000001,248,-3.3170380651139326,1,-3.3170380651139326,False
0.17328820590000005,249,-0.6231013848292136,1,-0.6231013848292136,False
0.7772998611999999,250,-0.43185244493113817,0,-0.0,False
0.9763105303000001,251,-0.17068453775849746,0,-0.0,False
0.07585818,252,0.5840290207640154,1,0.5840290207640154,False
0.7248702961,253,-0.3310868744472059,1,-0.3310868744472059,False
0.9770226285000001,254,-0.02467728256749361,0,-0.0,False
0.2877678158000001,255,0.5758032599081843,1,0.5758032599081843,False
0.016914914900000078,256,-1.0652360308301407,1,-1.0652360308301407,False
0.8354835357000001,257,-1.4477339106262919,0,-0.0,False
0.938124014,258,-1.0611231504022252,1,-1.0611231504022252,False
0.9553191353000001,259,-0.3022967114517967,1,-0.3022967114517967,False
0.9893474881,260,-1.2873315739375832,0,-0.0,False
0.9863631629,261,-0.516166493703408,0,-0.0,False
0.5,262,0.0,0,0.0,False
0.9715639689,263,-0.9253980962810103,1,-0.9253980962810103,False
0.9994642196000001,264,-1.2667671717980054,0,-0.0,False
0.0008040857000000123,265,0.4400782057869694,1,0.4400782057869694,False
0.9019206792000001,266,-0.2488292658888939,0,-0.0,False
0.9953904280000001,267,-1.7315226601524683,0,-0.0,False
0.002115703100000088,268,-0.2899580701680499,1,-0.2899580701680499,False
0.014957084099999962,269,1.0158814656951536,1,1.0158814656951536,False
0.5926666,270,1.0590667101882674,0,0.0,False
0.7931059413000001,271,-0.8451969279366561,1,-0.8451969279366561,False
0.9996540083000001,272,-2.179826626795269,0,-0.0,False
0.5851011542,273,-0.721810515099188,1,-0.721810515099188,False
0.1968262005000001,274,-0.5614081784104796,1,-0.5614081784104796,False
0.042087723100000085,275,-0.10282201069789004,1,-0.10282201069789004,False
0.9980732658,276,5.887588332561184,1,5.887588332561184,False
0.9924227587000001,277,-1.98240836625532,0,-0.0,False
0.18713268519999993,278,0.4688683687823786,1,0.4688683687823786,False
0.8080672213,279,-0.3146353527355435,0,-0.0,False
0.09534946489999996,280,-0.5901983414058888,1,-0.5901983414058888,False
0.30735803820000007,281,-0.6354400261129605,1,-0.6354400261129605,False
0.8991213854,282,-0.15423301604683506,1,-0.15423301604683506,False
0.7310585688,283,-0.32697399401929034,0,-0.0,False
0.9825575150000001,284,-0.38455432001010875,1,-0.38455432001010875,False
0.9511422191000001,285,-2.344341843911893,1,-2.344341843911893,False
0.8670357483,286,-0.21181334203765348,0,-0.0,False
0.03622005570000009,287,-0.6930203521037789,1,-0.6930203521037789,False
0.45326184800000013,288,-0.40511872214968675,0,-0.0,False
0.9763105284,289,0.9233416560670525,0,0.0,False
0.011331755500000096,290,1.1063648351092967,1,1.1063648351092967,False
0.5078118643,291,0.16040233668870846,1,0.16040233668870846,False
0.06560483010000007,292,0.9377367375647572,1,0.9377367375647572,False
0.25683198379999994,293,-0.5901983414058888,0,-0.0,False
0.06754669930000001,294,1.2873315739375832,0,0.0,False
0.2628418431999999,295,-0.4483039666428006,0,-0.0,False
0.9362850048,296,0.08842692920018544,0,0.0,False
0.032100709799999905,297,0.13778149433517264,1,0.13778149433517264,False
0.07585818489999996,298,0.06374964663269182,1,0.06374964663269182,False
0.0011335690000000564,299,-0.4400782057869694,1,-0.4400782057869694,False
0.014957084099999962,300,0.06991896727456523,1,0.06991896727456523,False
0.40733339999999996,301,0.505884292633619,1,0.505884292633619,False
0.9732407164000001,302,-0.3187482331634591,0,-0.0,False
0.0023231623999999673,303,0.6354400261129605,1,0.6354400261129605,False
0.05665241490000006,304,-1.5855154049614644,1,-1.5855154049614644,False
0.2120688044000001,305,-0.2735065484563875,0,-0.0,False
0.7662936395,306,0.2714501082424297,0,0.0,False
0.6992544295,307,-0.4668119285684208,0,-0.0,False
0.9992206337,308,-1.558781682180013,0,-0.0,False
0.9706877710000001,309,-1.1207599166070015,1,-1.1207599166070015,False
0.9814534368000001,310,-0.9007208137135168,0,-0.0,False
0.9972850147000001,311,-0.41334448300551796,0,-0.0,False
0.9465966738,312,-1.260597851156132,1,-1.260597851156132,False
0.07159120079999992,313,-1.6184184483847892,1,-1.6184184483847892,False
0.8311430408,314,-1.4066051063471356,1,-1.4066051063471356,False
0.8774767917999999,315,-2.9263144244619506,1,-2.9263144244619506,False
0.9867771782000001,316,-0.9151158952112214,0,-0.0,False
0.999956681,317,-0.3598770374426151,0,-0.0,False
0.9241418179,318,-0.9439060582066305,1,-0.9439060582066305,False
0.4687906265999999,319,1.147493639388453,0,0.0,False
0.006097563500000014,320,0.14189437476308825,1,0.14189437476308825,False
0.0420877260000001,321,0.3393126353030371,1,0.3393126353030371,False
0.7057850175,322,-1.2009610849513557,1,-1.2009610849513557,False
0.9986329743,323,-1.2215254870909338,0,-0.0,False
0.899121386,324,0.5922547816198467,0,0.0,False
0.7549149869,325,-1.5937411658172955,0,-0.0,False
0.5234203489,326,-1.2503156500863428,0,-0.0,False
0.4455295349999999,327,-0.09870913026997444,0,-0.0,False
0.5234203489,328,-0.6847945912479476,0,-0.0,False
0.9905874095,329,-2.1448671431579864,0,-0.0,False
0.9886682453,330,-2.107851219306746,1,-2.107851219306746,False
0.8519528045,331,-0.18096673882828648,0,-0.0,False
0.9999968619000001,332,-1.2935008945794566,0,-0.0,False
0.9999885212000001,333,-0.5922547816198467,0,-0.0,False
0.9343951628,334,-2.449220294823741,0,-0.0,False
0.11596071880000003,335,-1.40249222591922,1,-1.40249222591922,False
0.1732881987999999,336,0.016451521711662406,1,0.016451521711662406,False
0.9991440995,337,-2.3895835286189646,1,-2.3895835286189646,False
0.21733752439999998,338,-0.30846603209367013,1,-0.30846603209367013,False
0.4148988458,339,-0.17068453775849746,1,-0.17068453775849746,False
0.04742587250000008,340,-0.19947470075390666,1,-0.19947470075390666,False
0.2689414135000001,341,-0.6827381510339898,1,-0.6827381510339898,False
0.4921881357,342,-0.10487845091184785,1,-0.10487845091184785,False
0.8807970727000001,343,-0.37838499936823533,1,-0.37838499936823533,False
0.9956684980000001,344,-3.397239233458287,1,-3.397239233458287,False
0.14804720690000006,345,-0.660117308680454,1,-0.660117308680454,False
0.9944450764000001,346,-0.9110030147833057,1,-0.9110030147833057,False
0.8080672105,347,0.660117308680454,1,0.660117308680454,False
0.9995826841,348,-0.618988504401298,1,-0.618988504401298,False
0.3849121445000001,349,-0.37838499936823533,0,-0.0,False
0.9992445945000001,350,-1.3654763020679797,0,-0.0,False
0.2120688044000001,351,-1.4682983127658698,1,-1.4682983127658698,False
0.8991213818000001,352,-1.4395081497704605,1,-1.4395081497704605,False
0.5312093734000001,353,0.4873763307079988,1,0.4873763307079988,False
0.6513548714999999,354,-1.022050786337027,0,-0.0,False
0.3140505363999999,355,-1.3222910575748659,1,-1.3222910575748659,False
0.3007455937000001,356,-0.9151158952112214,1,-0.9151158952112214,False
0.0488577750000001,357,0.4010058417217712,1,0.4010058417217712,False
0.9991704107000001,358,-1.1207599166070015,0,-0.0,False
0.4225046348000001,359,-0.6991896727456522,0,-0.0,False
0.08035747469999999,360,-0.9932606233416178,1,-0.9932606233416178,False
0.23370635689999997,361,2.8522825767594697,1,2.8522825767594697,False
0.001169510099999993,362,-0.2591114669586829,1,-0.2591114669586829,False
0.8872045887,363,0.5243922545592392,0,0.0,False
0.43782349910000007,364,-0.6477786673967072,1,-0.6477786673967072,False
0.003376612500000098,365,0.05552388577686062,1,0.05552388577686062,False
0.5234203489,366,0.20153114096786448,1,0.20153114096786448,False
0.4921881357,367,-0.22209554310744248,0,-0.0,False
0.997018967,368,-1.507370676831068,1,-1.507370676831068,False
0.9919380081,369,-1.258541410942174,1,-1.258541410942174,False
0.025957357000000014,370,-1.7418048612222572,1,-1.7418048612222572,False
0.7431680086000001,371,-0.11721709219559465,0,-0.0,False
0.8633916076000001,372,-1.2050739653792713,1,-1.2050739653792713,False
0.9603611594000001,373,-3.664576461272801,0,-0.0,False
0.0005193048000000644,374,-0.2714501082424297,1,-0.2714501082424297,False
0.974821156,375,-0.6066498631175512,0,-0.0,False
0.04468087139999999,376,-1.5526123615381395,1,-1.5526123615381395,False
0.9998511616000001,377,-2.7638556475592844,0,-0.0,False
0.7931059512,378,-0.6272142652571292,0,-0.0,False
0.04885778470000002,379,3.7324389883334086,0,0.0,False
0.9996200154000001,380,-2.239463393000045,0,-0.0,False
0.6723316838,381,-1.09402619382555,1,-1.09402619382555,False
0.28776782189999994,382,-0.8945514930716434,0,-0.0,False
0.9962927467,383,-2.4183736916143737,0,-0.0,False
0.9449947069,384,-0.01850796192562021,0,-0.0,False
0.9993537965000001,385,-1.1125341557511703,0,-0.0,False
0.5698526514,386,-1.5772896441056332,0,-0.0,False
0.9362850081,387,-1.455959671482123,1,-1.455959671482123,False
0.9697854139,388,-0.5223358143452814,0,-0.0,False
0.0021157039999999405,389,-0.12338641283746805,1,-0.12338641283746805,False
0.5621765008999999,390,0.8081810040854157,0,0.0,False
0.5,391,-0.2899580701680499,1,-0.2899580701680499,False
0.9871787818,392,-0.8863257322158121,0,-0.0,False
0.9933071490000001,393,-2.8625647778292587,1,-2.8625647778292587,False
0.9854964227,394,-2.475954017605192,1,-2.475954017605192,False
0.31405055579999996,395,-0.7423749172387661,1,-0.7423749172387661,False
0.9924227581,396,-3.3252638259697638,0,-0.0,False
0.6584175186000001,397,-2.7638556475592844,1,-2.7638556475592844,False
0.9525741295000001,398,-2.134584942088197,0,-0.0,False
0.9697854098,399,0.3043531516657545,1,0.3043531516657545,False
0.6224593312,400,-0.475037689424252,1,-0.475037689424252,False
0.9997040430000002,401,-1.19684820452344,0,-0.0,False
0.9399133468,402,-0.12749929326538365,0,-0.0,False
0.9933071493000001,403,-1.5423301604683506,0,-0.0,False
0.03963884470000001,404,-1.104308394895339,1,-1.104308394895339,False
0.9886682463,405,-0.4010058417217712,0,-0.0,False
0.1037486352000001,406,-1.2359205685886383,1,-1.2359205685886383,False
0.9999008473,407,-1.2420898892305117,0,-0.0,False
0.006289901199999948,408,-0.36810279829844633,1,-0.36810279829844633,False
0.9790357592000001,409,-0.002056440213957801,0,-0.0,False
0.5078118643,410,1.8528526327759784,1,1.8528526327759784,False
0.8991213764000001,411,-1.0158814656951536,0,-0.0,False
0.9324533085,412,-0.10693489112580565,1,-0.10693489112580565,False
0.5544704650000001,413,-0.2611679071726407,0,-0.0,False
0.6926420002,414,-0.06580608684664963,1,-0.06580608684664963,False
0.5926666,415,-0.5634646186244374,1,-0.5634646186244374,False
0.9324533095,416,-1.7047889373710168,1,-1.7047889373710168,False
0.0017546147000000456,417,0.8349147268668671,1,0.8349147268668671,False
0.7662936359000001,418,-2.829661734405934,0,-0.0,False
0.7981867649000001,419,-0.7464877976666817,1,-0.7464877976666817,False
0.9999379495,420,-0.7773344008760487,0,-0.0,False
0.8705972853000001,421,-2.060553094385716,1,-2.060553094385716,False
0.8267117969,422,-0.35370771680074176,0,-0.0,False
0.9976032689000001,423,-0.2200391028934847,0,-0.0,False
0.9999986918000001,424,-0.020564402139578008,0,-0.0,False
0.8397339677,425,-0.557295297982564,0,-0.0,False
0.0017546142000000042,426,-0.7074154336014835,1,-0.7074154336014835,False
0.2751297358,427,-0.629270705471087,1,-0.629270705471087,False
0.4687906265999999,428,-0.18919249968411767,1,-0.18919249968411767,False
0.9989350369000001,429,-1.6759987743756077,0,-0.0,False
0.607663177,430,-0.8554791290064452,1,-0.8554791290064452,False
0.4148988458,431,-2.4533331752516565,1,-2.4533331752516565,False
0.9985449368000001,432,-0.3516512765867839,0,-0.0,False
0.32082130080000004,433,-1.5772896441056332,0,-0.0,False
0.21206879429999992,434,-0.43185244493113817,1,-0.43185244493113817,False
0.9820137922000001,435,-0.02262084235353581,0,-0.0,False
0.7248702802,436,-0.14600725519100385,0,-0.0,False
0.9173026451999999,437,-0.07814472813039643,0,-0.0,False
0.5078118643,438,0.7197540748852302,0,0.0,False
0.9219218385000001,439,0.18302317904224427,0,0.0,False
0.8558511482,440,-0.43390888514509596,0,-0.0,False
0.9241418179,441,-1.7356355405803838,1,-1.7356355405803838,False
0.0014103584000000335,442,0.8760435311460232,1,0.8760435311460232,False
0.5156199157000001,443,-1.455959671482123,0,-0.0,False
0.9981897886,444,-2.5479294250937152,0,-0.0,False
0.07585818,445,0.42157024386134917,1,0.42157024386134917,False
0.9959298632,446,-0.6683430695362853,0,-0.0,False
0.036220056199999906,447,0.4092316025776024,1,0.4092316025776024,False
0.9263037242000001,448,-0.6148756239733825,0,-0.0,False
0.9343951613000001,449,-2.1448671431579864,1,-2.1448671431579864,False
0.4765796511,450,-1.4682983127658698,1,-1.4682983127658698,False
0.13296424019999997,451,1.330516818430697,1,1.330516818430697,False
0.9978842966000001,452,-2.887242060396752,0,-0.0,False
0.9850429099,453,-0.6786252706060742,0,-0.0,False
0.1871326913,454,-2.642525674935774,0,-0.0,False
0.9996898440000002,455,-2.124302741018408,1,-2.124302741018408,False
0.16026603230000003,456,-0.41540092321947575,1,-0.41540092321947575,False
0.00400728930000005,457,-1.312008856505077,1,-1.312008856505077,False
0.998451239,458,-0.047298124921029416,0,-0.0,False
0.8670357598,459,0.2508857061028517,1,0.2508857061028517,False
0.9996079582000001,460,-1.6287006494545782,1,-1.6287006494545782,False
0.11279541730000009,461,-0.4092316025776024,1,-0.4092316025776024,False
0.011687256299999893,462,-0.12955573347934146,1,-0.12955573347934146,False
0.9840936035000001,463,-1.237977008802596,0,-0.0,False
0.14804720309999997,464,-1.1680580415280308,1,-1.1680580415280308,False
0.999956681,465,-2.107851219306746,0,-0.0,False
0.006289901799999997,466,-0.6765688303921165,1,-0.6765688303921165,False
0.9820137880000002,467,-1.6328135298824937,1,-1.6328135298824937,False
0.9981897889,468,-0.6333835858990027,0,-0.0,False
0.008061991599999985,469,0.3022967114517967,1,0.3022967114517967,False
0.3208212878000001,470,-2.4615589361074877,1,-2.4615589361074877,False
0.8221891261000001,471,-0.39894940150781333,1,-0.39894940150781333,False
0.9999847932000001,472,-2.7186139628522126,0,-0.0,False
0.5,473,0.0,0,0.0,False
0.000939943499999929,474,-0.059636766204776225,1,-0.059636766204776225,False
0.5,475,0.0,0,0.0,False
0.40733339999999996,476,-0.3105224723076279,1,-0.3105224723076279,False
0.06560483899999991,477,-0.2344341843911893,1,-0.2344341843911893,False
0.9241418151,478,0.006169320641873402,1,0.006169320641873402,False
0.098079327,479,-0.5182229339173658,1,-0.5182229339173658,False
0.3702253878999999,480,-0.9233416560670525,1,-0.9233416560670525,False
0.9777138117999999,481,0.07608828791643862,0,0.0,False
0.09807931200000009,482,1.2503156500863428,0,0.0,False
9.610249999991716e-05,483,0.16657165733058185,1,0.16657165733058185,False
0.9926541724,484,-1.176283802383862,0,-0.0,False
0.9362850090000001,485,-1.3243474977888237,1,-1.3243474977888237,False
0.9978842962000001,486,-1.5094271170450257,0,-0.0,False
0.2568319952,487,0.6518915478246229,1,0.6518915478246229,False
0.048857780899999925,488,-0.06786252706060743,1,-0.06786252706060743,False
0.04603390669999996,489,-0.3022967114517967,1,-0.3022967114517967,False
0.006488268500000061,490,0.2447163854609783,0,0.0,False
0.9996317021000001,491,-1.8775299153434721,0,-0.0,False
0.9790357593000001,492,-0.2899580701680499,1,-0.2899580701680499,False
0.9990149919,493,-1.1536629600303263,1,-1.1536629600303263,False
0.9999974784000001,494,-2.4615589361074877,0,-0.0,False
0.9998259945000001,495,-1.2400334490165539,1,-1.2400334490165539,False
0.9976768376,496,-1.5053142366171102,0,-0.0,False
0.7826624790000001,497,-0.30640959187971234,1,-0.30640959187971234,False
0.6992544169000001,498,-0.7176976346712725,0,-0.0,False
0.37754067579999995,499,-0.03907236406519821,1,-0.03907236406519821,False
0.0017007224000000765,500,-0.7649957595923019,1,-0.7649957595923019,False
0.9999933566000001,501,-0.1953618203259911,0,-0.0,False
0.3208212964999999,502,-1.320234617360908,0,-0.0,False
0.2450850187,503,-1.3387425792865284,1,-1.3387425792865284,False
0.989986429,504,-0.6498351076106651,0,-0.0,False
0.20181321899999993,505,-0.40511872214968675,1,-0.40511872214968675,False
0.7431680086000001,506,-1.8919249968411767,1,-1.8919249968411767,False
0.9949396684,507,-2.469784696963319,0,-0.0,False
0.014063623500000011,508,-0.7341491563829349,1,-0.7341491563829349,False
0.9999965533999999,509,-2.0461580128880117,0,-0.0,False
0.9173026626,510,-1.8754734751295143,1,-1.8754734751295143,False
0.9566342033999999,511,-1.6801116548035233,1,-1.6801116548035233,False
0.0005193049000000727,512,0.02467728256749361,1,0.02467728256749361,False
0.9669140224000001,513,-0.19947470075390666,0,-0.0,False
0.5,514,-1.4395081497704605,0,-0.0,False
0.5851011542,515,-0.3393126353030371,0,-0.0,False
0.9603611613,516,-1.07551823189993,1,-1.07551823189993,False
0.05184546120000011,517,0.33519975487512155,1,0.33519975487512155,False
0.9173026679,518,-0.5038278524196612,0,-0.0,False
0.982013789,519,-1.8590219534178518,0,-0.0,False
0.0004305570000000536,520,-1.2276948077328071,1,-1.2276948077328071,False
0.7310585865000001,521,-0.8040681236575001,0,-0.0,False
0.12252321680000011,522,-0.02467728256749361,1,-0.02467728256749361,False
0.9999929281,523,-0.40717516236364454,0,-0.0,False
0.8267117941,524,-0.05141100534894502,0,-0.0,False
0.1919327958000001,525,-0.41334448300551796,1,-0.41334448300551796,False
0.5234203489,526,-1.289388014151541,1,-1.289388014151541,False
0.0015011821999999508,527,-0.012338641283746805,1,-0.012338641283746805,False
0.9808759643,528,-0.004112880427915602,0,-0.0,False
0.36296921009999994,529,-2.426599452470205,1,-2.426599452470205,False
0.173288216,530,-0.45241684707071617,0,-0.0,False
0.9964063967000001,531,-0.2529421463168095,0,-0.0,False
0.00037998460000010503,532,0.35576415701469954,0,0.0,False
0.8991213854,533,-0.4688683687823786,1,-0.4688683687823786,False
0.6723317124000001,534,0.07197540748852303,0,0.0,False
0.038466197800000046,535,0.15423301604683506,1,0.15423301604683506,False
0.19682620679999996,536,-0.5305615752011126,1,-0.5305615752011126,False
0.0033766130999999255,537,0.002056440213957801,1,0.002056440213957801,False
0.25683198379999994,538,-0.08842692920018544,0,-0.0,False
0.7879311973,539,-1.270880052225921,0,-0.0,False
0.9993537968000001,540,-2.1099076595207036,0,-0.0,False
0.8670357529000001,541,-1.5834589647475066,1,-1.5834589647475066,False
0.962673111,542,0.08431404877226983,0,0.0,False
0.043365800199999915,543,1.2318076881607227,0,0.0,False
0.9124361557,544,-0.6251578250431714,0,-0.0,False
0.7662936431,545,-0.014395081497704606,1,-0.014395081497704606,False
0.9902915239000001,546,-1.001486384197449,0,-0.0,False
0.3557749096,547,1.5628945626079287,0,0.0,False
0.5,548,0.4462475264288428,1,0.4462475264288428,False
0.9991959139,549,-2.6486949955776473,1,-2.6486949955776473,False
0.6992544316,550,-1.8178931491386958,1,-1.8178931491386958,False
0.6859494722000001,551,-0.9541882592764196,1,-0.9541882592764196,False
0.9890130568,552,-0.5120536132754924,0,-0.0,False
0.46101677929999996,553,1.910432958766797,0,0.0,False
0.9999339479,554,-0.7094718738154413,0,-0.0,False
0.8175744717,555,-0.6683430695362853,0,-0.0,False
0.20181322060000007,556,0.053467445562902824,0,0.0,False
0.9911526459,557,-0.8308018464389515,0,-0.0,False
0.9981897886,558,-0.7608828791643862,0,-0.0,False
0.4225046348000001,559,-0.11310421176767904,1,-0.11310421176767904,False
0.9983515171999999,560,-1.2112432860211446,0,-0.0,False
0.9955316164000001,561,-0.06786252706060743,0,-0.0,False
0.9496693714,562,-2.126359181232366,0,-0.0,False
0.9989677692000001,563,0.06786252706060743,0,0.0,False
0.999956681,564,-2.136641382302155,0,-0.0,False
0.8175744717,565,-0.9624140201322507,0,-0.0,False
0.9914225134000001,566,-0.16657165733058185,0,-0.0,False
0.6859494615000001,567,0.21798266267952687,1,0.21798266267952687,False
0.9416541597000001,568,-0.06374964663269182,0,-0.0,False
0.9989012689000001,569,-1.3798713835656844,0,-0.0,False
0.033085983499999916,570,-1.476524073621701,1,-1.476524073621701,False
0.9740426442000001,571,0.5285051349871548,0,0.0,False
0.9802808712,572,-0.8822128517878965,0,-0.0,False
1.6964400000096802e-05,573,0.026733722781451412,1,0.026733722781451412,False
0.014957082400000044,574,-0.7382620368108505,1,-0.7382620368108505,False
0.9999995187000001,575,-5.955450859621791,0,-0.0,False
0.9566342081000001,576,-1.3284603782167392,1,-1.3284603782167392,False
0.7431680010000001,577,-2.9571610276713174,1,-2.9571610276713174,False
0.014063626800000062,578,0.08020116834435423,1,0.08020116834435423,False
0.8740772264000001,579,-1.3798713835656844,0,-0.0,False
0.7931059561,580,-0.8945514930716434,0,-0.0,False
0.9998259945000001,581,-1.8836992359853455,0,-0.0,False
0.9802808689,582,-1.3551941009981907,0,-0.0,False
0.7549149869,583,-1.3449118999284018,0,-0.0,False
0.9974490879,584,-0.4565297274986318,0,-0.0,False
0.9969246315,585,-1.5094271170450257,1,-1.5094271170450257,False
0.8902942251000001,586,-0.38455432001010875,1,-0.38455432001010875,False
0.9449947107000001,587,-0.7135847542433569,0,-0.0,False
0.3345894412999999,588,-1.2441463294444695,1,-1.2441463294444695,False
0.9992903295,589,-2.9078064625363305,1,-2.9078064625363305,False
0.9999651919000001,590,-1.8137802687107802,0,-0.0,False
0.9808759614,591,-1.610192687528958,1,-1.610192687528958,False
0.07369626289999998,592,0.7485442378806395,0,0.0,False
0.02442309219999994,593,0.3002402712378389,1,0.3002402712378389,False
0.031143830099999992,594,-0.6868510314619055,0,-0.0,False
0.8807970769,595,0.4462475264288428,1,0.4462475264288428,False
0.5851011542,596,-0.35576415701469954,0,-0.0,False
0.012053777200000004,597,-0.20770046160973787,1,-0.20770046160973787,False
0.11920291570000008,598,-1.052897389546394,1,-1.052897389546394,False
0.010328154300000003,599,1.6245877690266626,0,0.0,False
0.9997834559000001,600,-0.014395081497704606,0,-0.0,False
0.9996317021000001,601,-1.2852751337236255,0,-0.0,False
0.11279541029999995,602,0.13778149433517264,1,0.13778149433517264,False
0.8438951026000001,603,-0.13572505412121486,1,-0.13572505412121486,False
0.9996079582999999,604,-2.2476891538558763,0,-0.0,False
0.9975273774,605,-0.2755629886703453,0,-0.0,False
0.8740772198,606,0.6231013848292136,0,0.0,False
0.3923368302000001,607,0.8040681236575001,1,0.8040681236575001,False
0.9994642194000001,608,-0.3393126353030371,1,-0.3393126353030371,False
0.9998804014,609,-0.48326345028008316,0,-0.0,False
0.8031737836999999,610,-0.8698742105041497,0,-0.0,False
0.9658995741,611,-0.5655210588383952,0,-0.0,False
0.6926420002,612,-0.6847945912479476,1,-0.6847945912479476,False
0.029312232899999957,613,1.0672924710440985,1,1.0672924710440985,False
0.37754066880000003,614,-0.5799161403360998,0,-0.0,False
0.0005527785999999146,615,-0.16245877690266627,1,-0.16245877690266627,False
0.9987156922,616,0.008225760855831203,0,0.0,False
0.04742587059999992,617,-0.3043531516657545,0,-0.0,False
0.9999662628000001,618,-1.3778149433517266,1,-1.3778149433517266,False
0.02033235539999989,619,1.330516818430697,1,1.330516818430697,False
0.007121428100000049,620,0.04318524449311382,1,0.04318524449311382,False
0.7185943845,621,-0.919228775639137,1,-0.919228775639137,False
0.005384937599999917,622,-0.09870913026997444,1,-0.09870913026997444,False
0.3073580169000001,623,-0.01850796192562021,1,-0.01850796192562021,False
0.6076631746000001,624,-0.6313271456850449,1,-0.6313271456850449,False
0.9173026634000001,625,-1.353137660784233,0,-0.0,False
6.50281000000863e-05,626,-0.2426599452470205,1,-0.2426599452470205,False
0.9949396684,627,-0.16245877690266627,0,-0.0,False
0.005060332100000009,628,-0.4873763307079988,0,-0.0,False
0.9999984706,629,-0.21181334203765348,0,-0.0,False
0.9999962147000001,630,-0.3208046733774169,0,-0.0,False
0.9996946511,631,-0.15217657583287725,0,-0.0,False
0.9999611689000001,632,-0.5614081784104796,0,-0.0,False
0.0010987308999999001,633,0.20358758118182227,1,0.20358758118182227,False
0.8479677506000001,634,-0.19124893989807548,0,-0.0,False
0.9999921107,635,-0.32491755380533255,0,-0.0,False
0.9999934596,636,-2.7453476856336643,0,-0.0,False
0.009708477900000068,637,-0.03290304342332481,1,-0.03290304342332481,False
0.5,638,0.0,0,0.0,False
0.032100703800000074,639,-0.2920145103820077,1,-0.2920145103820077,False
0.0007096703000000204,640,0.01850796192562021,1,0.01850796192562021,False
0.9999617708999999,641,-2.486236218674981,0,-0.0,False
0.5078118643,642,-0.9295109767089259,1,-0.9295109767089259,False
0.9999623635000001,643,-0.47298124921029416,0,-0.0,False
0.6442250904,644,0.10487845091184785,0,0.0,False
0.6859494766,645,-0.9624140201322507,1,-0.9624140201322507,False
0.9196425275,646,-0.3002402712378389,0,-0.0,False
0.7662936467000001,647,0.08842692920018544,1,0.08842692920018544,False
0.9991440992,648,0.03701592385124042,0,0.0,False
0.03021458509999997,649,-1.548499481110224,1,-1.548499481110224,False
0.9998911031,650,-2.0379322520321805,0,-0.0,False
0.9996540084000001,651,-0.16040233668870846,0,-0.0,False
0.9996946512,652,0.857535569220403,0,0.0,False
0.1403362519,653,0.03701592385124042,1,0.03701592385124042,False
0.04468086970000007,654,-0.44213464600092717,1,-0.44213464600092717,False
0.048857775399999914,655,-0.567577499052353,1,-0.567577499052353,False
0.00017400539999989917,656,-0.2652807876005563,1,-0.2652807876005563,False
0.006097563500000014,657,-0.3701592385124041,1,-0.3701592385124041,False
0.4687906265999999,658,-1.0487845091184784,1,-1.0487845091184784,False
0.9820137871000001,659,-1.8528526327759784,1,-1.8528526327759784,False
0.9999553060000002,660,-0.03290304342332481,0,-0.0,False
0.23934933999999997,661,-0.3310868744472059,0,-0.0,False
0.9999782173,662,-0.9336238571368416,0,-0.0,False
0.9994642195000001,663,-0.27761942888430313,0,-0.0,False
0.9911526448000001,664,-0.48326345028008316,0,-0.0,False
0.8311430549000001,665,-0.8698742105041497,1,-0.8698742105041497,False
2.840970000006493e-05,666,-0.002056440213957801,1,-0.002056440213957801,False
0.9988304896,667,-0.04318524449311382,0,-0.0,False
0.9999978092000001,668,-0.4770941296382098,0,-0.0,False
0.9099070077,669,-1.2873315739375832,0,-0.0,False
0.9999538873,670,-0.13983793454913046,0,-0.0,False
0.9740426413000001,671,-1.3778149433517266,1,-1.3778149433517266,False
0.999906854,672,0.002056440213957801,0,0.0,False
0.0001559803999999776,673,-1.7808772252874554,1,-1.7808772252874554,False
0.9999977041000001,674,-0.40717516236364454,0,-0.0,False
2.178269999997262e-05,675,0.3393126353030371,1,0.3393126353030371,False
0.9999907765,676,-1.497088475761279,0,-0.0,False
0.9999900271,677,-0.46475548835446295,0,-0.0,False
0.9814534340000001,678,-2.1222463008044503,1,-2.1222463008044503,False
0.9999369724,679,-0.35782059722865733,0,-0.0,False
0.2568319913999999,680,0.22620842353535808,0,0.0,False
0.9626731103000001,681,-0.5511259773406906,0,-0.0,False
0.23370636050000004,682,0.4791505698521676,0,0.0,False
0.9999398585000001,683,0.15423301604683506,0,0.0,False
0.9219218356000001,684,-0.29612739080992334,0,-0.0,False
0.9997131458999999,685,0.17685385840037088,0,0.0,False
0.867035754,686,-0.22620842353535808,0,-0.0,False
0.9763105269000001,687,-0.08225760855831203,0,-0.0,False
0.3775406735,688,0.4585861677125896,1,0.4585861677125896,False
0.8519527969,689,-1.4682983127658698,1,-1.4682983127658698,False
0.058345835399999935,690,0.012338641283746805,0,0.0,False
0.8705972594,691,-1.1269292372488748,0,-0.0,False
0.9343951698999999,692,-0.4010058417217712,1,-0.4010058417217712,False
5.307510000007731e-05,693,-0.02262084235353581,1,-0.02262084235353581,False
0.8774767886000001,694,-0.8061245638714579,0,-0.0,False
0.4921881357,695,0.45241684707071617,0,0.0,False
0.9496693673000001,696,-1.0261636667649425,1,-1.0261636667649425,False
0.998189789,697,-0.7444313574527239,0,-0.0,False
0.1441488554999999,698,-1.8034980676409913,1,-1.8034980676409913,False
0.4843800843000001,699,-0.6868510314619055,0,-0.0,False
0.999956681,700,-0.7958423628016689,0,-0.0,False
0.9871787818,701,-0.6909639118898211,1,-0.6909639118898211,False
0.6224593359000001,702,-1.1680580415280308,1,-1.1680580415280308,False
0.7549149869,703,-0.2693936680284719,1,-0.2693936680284719,False
0.8872045947,704,-0.8184632051552048,1,-0.8184632051552048,False
0.3345894479,705,-1.2523720903003006,0,-0.0,False
0.5156199157000001,706,0.5120536132754924,0,0.0,False
0.9974490883,707,-1.0138250254811958,0,-0.0,False
0.08035747330000009,708,-0.37221567872636196,1,-0.37221567872636196,False
0.4843800843000001,709,-0.3331433146611637,0,-0.0,False
0.9732407144999999,710,0.05758032599081842,0,0.0,False
0.0031726825000000236,711,-0.41334448300551796,1,-0.41334448300551796,False
0.03210070610000004,712,-0.8390276072947828,0,-0.0,False
0.5,713,0.0,0,0.0,False
0.12592276039999994,714,-0.9274545364949681,1,-0.9274545364949681,False
0.25683198379999994,715,-0.08225760855831203,1,-0.08225760855831203,False
0.9959298618000001,716,-1.279105813081752,1,-1.279105813081752,False
0.00047285449999989737,717,-0.38455432001010875,1,-0.38455432001010875,False
0.006289901199999948,718,-0.3228611135913747,1,-0.3228611135913747,False
0.9985449370000001,719,-0.4483039666428006,0,-0.0,False
0.2568319913999999,720,-0.6971332325316945,1,-0.6971332325316945,False
0.6654105454000001,721,-1.1084212753232545,0,-0.0,False
0.9999969105,722,-1.7130146982268482,0,-0.0,False
0.9763105265,723,-0.8760435311460232,1,-0.8760435311460232,False
0.01001356870000003,724,-0.18507961925620206,1,-0.18507961925620206,False
0.03846619050000011,725,-0.8801564115739388,1,-0.8801564115739388,False
0.9896718457,726,-1.1310421176767904,0,-0.0,False
0.028436027399999952,727,-0.8739870909320654,1,-0.8739870909320654,False
0.37754066880000003,728,-1.2523720903003006,0,-0.0,False
0.23370634260000012,729,-1.2400334490165539,1,-1.2400334490165539,False
0.9928785715999999,730,-1.09402619382555,0,-0.0,False
0.003593602700000087,731,0.6539479880385807,1,0.6539479880385807,False
0.5774953652000001,732,-1.1701144817419886,1,-1.1701144817419886,False
0.9989012688000001,733,-2.3381725232700195,0,-0.0,False
0.9998232548000001,734,-1.9248280402645015,0,-0.0,False
0.9525741273000001,735,-0.9212852158530948,1,-0.9212852158530948,False
0.8670357563,736,-1.0261636667649425,0,-0.0,False
0.5078118643,737,-1.0590667101882674,1,-1.0590667101882674,False
0.8807970748,738,-2.136641382302155,0,-0.0,False
0.8670357644,739,-0.7423749172387661,1,-0.7423749172387661,False
0.9539660943000001,740,-1.0672924710440985,0,-0.0,False
0.9968273177,741,-0.6251578250431714,0,-0.0,False
0.9850429106,742,-0.6045934229035934,0,-0.0,False
0.9991959143,743,-2.0173678498926026,0,-0.0,False
0.615087865,744,-1.4210001878448404,1,-1.4210001878448404,False
0.6442250882,745,-0.5202793741313236,1,-0.5202793741313236,False
0.8354835371,746,-1.1228163568209593,1,-1.1228163568209593,False
0.6442250950000001,747,-1.3695891824958952,1,-1.3695891824958952,False
0.9416541554,748,-1.1701144817419886,0,-0.0,False
0.03308598099999993,749,-1.0097121450532802,1,-1.0097121450532802,False
0.6370308060000001,750,-0.18096673882828648,0,-0.0,False
0.03514484629999992,751,-0.9480189386345461,1,-0.9480189386345461,False
0.5851011542,752,-0.010282201069789004,1,-0.010282201069789004,False
0.9324533095,753,-0.7444313574527239,0,-0.0,False
0.7772998543,754,-1.4292259487006715,0,-0.0,False
0.9808759621,755,-0.6107627435454669,0,-0.0,False
0.9902915215000001,756,-0.7238669553131459,0,-0.0,False
0.6926419917,757,-0.47298124921029416,1,-0.47298124921029416,False
0.9983515171999999,758,-3.0620394785831655,0,-0.0,False
0.020332354600000047,759,-1.09402619382555,1,-1.09402619382555,False
0.9988304897,760,-1.6986196167291434,0,-0.0,False
0.9124361554,761,-0.939793177778715,0,-0.0,False
0.01971912819999999,762,-1.9392231217622062,1,-1.9392231217622062,False
0.9732407165000001,763,-2.2723664364233698,1,-2.2723664364233698,False
0.7248702762000001,764,0.16862809754453967,0,0.0,False
0.9579122739000001,765,-0.10899133133976344,0,-0.0,False
0.00857748699999994,766,-0.09048336941414324,1,-0.09048336941414324,False
0.0197191283,767,-1.0549538297603518,1,-1.0549538297603518,False
0.6076631698000001,768,0.7135847542433569,0,0.0,False
0.8354835494999999,769,0.7629393193783441,0,0.0,False
0.9637799434000001,770,-1.042615188476605,1,-1.042615188476605,False
0.8397339677,771,0.9007208137135168,0,0.0,False
0.9715639648000001,772,-1.2112432860211446,1,-1.2112432860211446,False
0.9990600561,773,0.6436657869687916,0,0.0,False
0.9715639678000001,774,-0.4873763307079988,0,-0.0,False
0.9896718469000001,775,-2.332003202628146,0,-0.0,False
0.17781087240000004,776,-2.332003202628146,1,-2.332003202628146,False
0.9960545932,777,-1.3284603782167392,0,-0.0,False
0.6297746191,778,-1.2318076881607227,1,-1.2318076881607227,False
0.9999227781,779,-3.419860075811823,0,-0.0,False
0.9998911031,780,-1.4066051063471356,0,-0.0,False
0.9219218377,781,-0.8842692920018543,0,-0.0,False
0.2227001302,782,-1.4600725519100386,0,-0.0,False
0.8670357702,783,-0.2796758690982609,0,-0.0,False
0.9999845537000001,784,-2.6651465172893096,0,-0.0,False
0.9956684968,785,-1.3654763020679797,0,-0.0,False
0.026759283100000086,786,-1.2996702152213302,1,-1.2996702152213302,False
0.9996079582999999,787,-0.5017714122057034,0,-0.0,False
0.9697854118,788,1.951561763045953,0,0.0,False
0.9995557816,789,-0.4709248089963364,0,-0.0,False
0.06754669049999995,790,-0.9007208137135168,1,-0.9007208137135168,False
0.5,791,0.9253980962810103,1,0.9253980962810103,False
0.9992903297,792,-0.05141100534894502,0,-0.0,False
1.084500000025912e-06,793,0.07403184770248084,1,0.07403184770248084,False
0.06371499040000006,794,0.034959483637282615,1,0.034959483637282615,False
0.37754066880000003,795,-0.42157024386134917,1,-0.42157024386134917,False
0.7772998681000001,796,-0.6889074716758633,0,-0.0,False
0.13660839470000008,797,-1.394266465063389,0,-0.0,False
0.9343951511999999,798,0.44213464600092717,1,0.44213464600092717,False
0.9481545378,799,-0.7053589933875257,1,-0.7053589933875257,False
0.6224593312,800,1.6657165733058186,0,0.0,False
0.9046505398,801,0.7403184770248082,1,0.7403184770248082,False
0.9991704105000001,802,-1.0076557048393224,0,-0.0,False
0.9958012041,803,-1.207130405593229,1,-1.207130405593229,False
0.9019206712000001,804,0.053467445562902824,1,0.053467445562902824,False
5.594299999911456e-06,0,2.906363084070532,1,2.906363084070532,False
5.255400000070409e-06,1,3.036265149755968,1,3.036265149755968,False
0.002251847299999943,2,1.6542949810783802,1,1.6542949810783802,False
0.45326184800000013,3,1.8687116437157862,1,1.8687116437157862,False
0.0025509121000000246,4,1.9641818365689379,0,0.0,False
0.017442484999999897,5,1.7372444929016104,0,0.0,False
4.029499999891328e-06,6,0.3490139837090623,1,0.3490139837090623,False
0.043365800199999915,7,1.8342797708835021,0,0.0,False
0.01243164809999997,8,2.3961453321012303,0,0.0,False
0.001810211000000006,9,1.660555321593341,1,1.660555321593341,False
1.9334000000981177e-06,10,1.6073424272161747,1,1.6073424272161747,False
1.6442499999991256e-05,11,2.510396546499264,1,2.510396546499264,False
0.9626731147,12,0.6651611797145806,0,0.0,False
0.0010322307999999225,13,1.8514957072996443,1,1.8514957072996443,False
8.31499999964791e-07,14,2.1613825627902017,1,2.1613825627902017,False
0.0826973445000001,15,1.9532262406677565,0,0.0,False
0.0026316739000000755,16,2.1112998386705155,0,0.0,False
0.03021458509999997,17,2.1942493504937457,1,2.1942493504937457,False
5.014699999916772e-06,18,1.9516611555390164,1,1.9516611555390164,False
0.45326184800000013,19,1.8186289195961003,0,0.0,False
0.20181321899999993,20,1.7388095780303505,0,0.0,False
0.0006878511999999226,21,2.371103970041387,0,0.0,False
0.012821216599999907,22,1.7497651739315319,0,0.0,False
6.401999999994246e-05,23,2.468139248023279,1,2.468139248023279,False
1.98333999998912e-05,24,0.43665875091851286,0,0.0,False
0.012431649400000078,25,2.079998136095712,0,0.0,False
9.275999999225348e-07,26,2.7795911886425766,1,2.7795911886425766,False
0.00014883839999990656,27,1.7857621318925563,1,1.7857621318925563,False
8.888079999991305e-05,28,1.8640163883295657,1,1.8640163883295657,False
0.0758581828,29,2.541698249074068,0,0.0,False
0.9449947165000001,30,-0.004695255386220568,0,-0.0,False
0.6723317101999999,31,2.544828419331548,0,0.0,False
0.01243165150000003,32,2.079998136095712,0,0.0,False
2.3321000000020575e-06,33,1.8655814734583058,1,1.8655814734583058,False
0.8175744777,34,0.4241380698885914,0,0.0,False
0.2689414055999999,35,1.2833698055669553,0,0.0,False
0.00012931559999995734,36,1.544739022066567,1,1.544739022066567,False
8.530299999920388e-06,37,2.028350326847286,1,2.028350326847286,False
1.8448000000947928e-06,38,2.0001787945299623,1,2.0001787945299623,False
0.1008786263999999,39,1.9767025175988593,0,0.0,False
7.1832999999355e-06,40,1.774806535991375,1,1.774806535991375,False
0.014503577399999967,41,3.1974689180162073,0,0.0,False
0.2568319952,42,2.1911191802362655,1,2.1911191802362655,False
0.011687255000000007,43,1.098689760375613,0,0.0,False
0.00012533750000010002,44,2.832804083019743,1,2.832804083019743,False
0.0007554056000000919,45,3.738988372560313,0,0.0,False
0.00019716960000004669,46,2.928274275872895,0,0.0,False
0.7772998577000001,47,1.1033850157618337,0,0.0,False
0.006692849900000075,48,2.2912846284756374,0,0.0,False
0.8479677532000001,49,1.2332870814472694,0,0.0,False
7.112000000031315e-07,50,0.57751641250513,1,0.57751641250513,False
0.0025509121000000246,51,0.5493448801878065,0,0.0,False
0.7879312023,52,1.014175163423643,0,0.0,False
0.0015978457000001,53,1.7935875575362572,1,1.7935875575362572,False
0.0012843077999999952,54,1.7810668765063358,0,0.0,False
1.2288999999832129e-06,55,3.4979652627343234,1,3.4979652627343234,False
2.994399999955988e-06,56,2.9517505528039973,1,2.9517505528039973,False
0.09807931990000007,57,1.7951526426649973,0,0.0,False
0.006289902500000055,58,1.5995170015724738,0,0.0,False
0.003945406199999946,59,2.3507578633677646,0,0.0,False
0.38491215160000003,60,2.4415328008346955,0,0.0,False
0.8080672058,61,1.2207664004173477,0,0.0,False
0.16026602160000003,62,2.3977104172299706,0,0.0,False
0.1192029294000001,63,2.0659123699370503,1,2.0659123699370503,False
0.3486451421000001,64,1.1002548455043533,0,0.0,False
1.4285500000044138e-05,65,1.9688770919551584,1,1.9688770919551584,False
1.2219100000043781e-05,66,1.7466350036740514,1,1.7466350036740514,False
0.9953904273,67,0.3020614298468566,0,0.0,False
1.6280999999285228e-06,68,4.2179044219548105,1,4.2179044219548105,False
7.411299999926513e-06,69,2.3742341402988676,1,2.3742341402988676,False
1.5206799999889498e-05,70,0.1674641087752003,1,0.1674641087752003,False
0.9999737252,71,0.24415328008346956,0,0.0,False
0.7549149924,72,0.8639269910645846,0,0.0,False
0.1561048961,73,2.1707730735626427,1,2.1707730735626427,False
0.00030061639999989787,74,2.7686355927413953,0,0.0,False
0.0014103584000000335,75,2.022089986332325,0,0.0,False
0.7248702662,76,0.09547019285315156,1,0.09547019285315156,False
0.18713268980000008,77,1.8280194303685413,1,1.8280194303685413,False
0.0006263341999999117,78,2.286589373089417,0,0.0,False
0.05500529320000003,79,1.8264543452398012,0,0.0,False
1.9637999999488898e-06,80,2.8093278060886404,1,2.8093278060886404,False
0.0008830455999999653,81,2.263113096158314,0,0.0,False
8.801099999899975e-06,82,3.0378302348847077,1,3.0378302348847077,False
0.005384938299999975,83,1.915664197577992,1,1.915664197577992,False
4.9086600000025626e-05,84,2.3538880336252452,1,2.3538880336252452,False
0.4921881357,85,1.4289227225397931,1,1.4289227225397931,False
0.5698526514,86,0.6260340514960758,0,0.0,False
0.05500528699999996,87,2.526047397786666,0,0.0,False
0.34864513080000004,88,0.9343558218578931,0,0.0,False
0.03514484629999992,89,1.9391404745090948,0,0.0,False
1.8448000000947928e-06,90,2.7561149117114736,1,2.7561149117114736,False
0.5467381520000001,91,0.7136788187055264,0,0.0,False
2.684200000047099e-06,92,1.7810668765063358,1,1.7810668765063358,False
0.8962513876,93,0.6792469458732423,0,0.0,False
0.00040448149999994243,94,1.2426775922197104,1,1.2426775922197104,False
6.048899999999691e-06,95,2.5135267167567443,1,2.5135267167567443,False
0.03846619149999997,96,2.4571836521220978,0,0.0,False
4.737999999004927e-07,97,2.120690349442957,1,2.120690349442957,False
1.4064099999933077e-05,98,2.180163584335084,1,2.180163584335084,False
0.0003569705999999506,99,2.594911143451234,0,0.0,False
0.004755199799999943,100,0.8185395223311192,1,0.8185395223311192,False
0.005220125699999967,101,3.7530741387189743,0,0.0,False
3.138100000077415e-06,102,0.9124446300555304,1,0.9124446300555304,False
0.3629692055,103,1.303715912240578,0,0.0,False
0.9658995722000001,104,1.3005857419830975,0,0.0,False
0.9999339479,105,0.2895407488169351,0,0.0,False
3.1693299999968616e-05,106,0.4804811345232382,1,0.4804811345232382,False
0.6224593312,107,0.9781782054626185,0,0.0,False
3.611999999986182e-06,108,1.6855966836531842,1,1.6855966836531842,False
0.0028895808000000134,109,1.222331485546088,0,0.0,False
0.8031737964000001,110,1.510307149234283,1,1.510307149234283,False
0.0046095710000000345,111,0.9969592270075007,1,0.9969592270075007,False
4.4694100000075565e-05,112,0.9703527798189175,1,0.9703527798189175,False
1.5057000000151533e-06,113,1.8045431534374385,1,1.8045431534374385,False
0.0005357805999999243,114,2.6966416768193464,0,0.0,False
0.7662936502,115,1.0783436537019906,1,1.0783436537019906,False
0.03410042930000001,116,2.0925188171256335,0,0.0,False
0.00010720880000003596,117,2.1598174776614614,1,2.1598174776614614,False
0.0012843083000000366,118,1.469614935887038,0,0.0,False
0.0008559005999999592,119,2.6199525055110775,0,0.0,False
0.9978172832000001,120,0.27702006778701355,0,0.0,False
6.083999999351164e-07,121,1.6855966836531842,1,1.6855966836531842,False
9.461260000009908e-05,122,0.5383892842866252,1,0.5383892842866252,False
0.015906388000000105,123,2.5135267167567443,0,0.0,False
0.9591542827999999,124,0.45230960220591476,0,0.0,False
6.643399999894939e-06,125,1.0548673767708878,1,1.0548673767708878,False
0.29421497220000004,126,2.195814435622486,1,2.195814435622486,False
6.108850000008381e-05,127,2.3930151618437496,1,2.3930151618437496,False
2.0579999999714715e-06,128,1.4649196805008173,1,1.4649196805008173,False
0.3702253926000001,129,2.0627821996795697,0,0.0,False
0.022286187299999982,130,0.602557774564973,1,0.602557774564973,False
1.6187599999994973e-05,131,2.0189598160748443,1,2.0189598160748443,False
8.445999999384668e-07,132,3.0503509159146294,1,3.0503509159146294,False
2.0785200000039694e-05,133,1.0533022916421475,1,1.0533022916421475,False
0.042087726299999906,134,0.8842730977382071,1,0.8842730977382071,False
7.88929999995247e-06,135,1.050172121384667,1,1.050172121384667,False
0.6723316992000001,136,0.6980279674181246,1,0.6980279674181246,False
0.06754669049999995,137,2.295979883861858,0,0.0,False
0.0012843077999999952,138,2.1707730735626427,1,2.1707730735626427,False
0.9362850075,139,2.6872511660469054,1,2.6872511660469054,False
0.008315777099999977,140,1.6558600662071206,1,1.6558600662071206,False
0.9966233877000001,141,2.987747510765022,0,0.0,False
0.23370635689999997,142,0.4194428145023708,1,0.4194428145023708,False
4.611269999998946e-05,143,1.6730760026232625,0,0.0,False
5.738760000006948e-05,144,0.8701873315795454,0,0.0,False
0.5698526514,145,2.0189598160748443,0,0.0,False
0.3629692285999999,146,1.552564447710268,0,0.0,False
0.0012448431000000593,147,2.3742341402988676,1,2.3742341402988676,False
0.00020988309999991905,148,4.842373388322146,1,4.842373388322146,False
0.005060331399999951,149,1.436748148183494,1,1.436748148183494,False
0.005060331599999968,150,0.051647809248426255,1,0.051647809248426255,False
0.0005357803999999078,151,1.4101417009949109,1,1.4101417009949109,False
0.01032815609999993,152,2.782721358900057,1,2.782721358900057,False
0.08035746220000006,153,0.9327907367291529,1,0.9327907367291529,False
0.002251847699999976,154,2.3992755023587105,0,0.0,False
1.6964400000096802e-05,155,2.133211030472878,1,2.133211030472878,False
0.7371581743,156,1.2019853788724655,1,1.2019853788724655,False
0.011687256299999893,157,2.037740837619727,0,0.0,False
0.003945407300000037,158,1.5431739369378268,0,0.0,False
0.0066928502000001,159,1.0126100782949026,0,0.0,False
0.00407013579999993,160,2.6293430162835185,0,0.0,False
0.9989677691000001,161,0.07199391592204872,0,0.0,False
0.0980793217,162,1.1456423142378187,0,0.0,False
0.00027803119999991743,163,1.3976210199649892,0,0.0,False
0.9998977002,164,0.7668917130826929,0,0.0,False
0.025178839500000105,165,0.9953941418787605,1,0.9953941418787605,False
4.710900000093332e-06,166,2.198944605879966,1,2.198944605879966,False
4.069460000000191e-05,167,1.6746410877520028,1,1.6746410877520028,False
3.521000000450414e-07,168,0.35214415396654264,1,0.35214415396654264,False
0.3998116407000001,169,1.0360863552260056,0,0.0,False
0.008315779999999995,170,0.8075839264299378,0,0.0,False
0.6723316948,171,1.8374099411409825,1,1.8374099411409825,False
0.9802808703000001,172,0.4554397724633952,1,0.4554397724633952,False
0.999541687,173,1.0047846526512016,0,0.0,False
6.083999999351164e-07,174,1.0376514403547457,1,1.0376514403547457,False
0.0014103585000000418,175,1.5337834261653858,1,1.5337834261653858,False
0.23370637480000012,176,2.4258819495472936,1,2.4258819495472936,False
0.31405054499999996,177,2.7545498265827337,1,2.7545498265827337,False
0.11279539030000008,178,0.44448417656221384,1,0.44448417656221384,False
0.13296423209999997,179,1.345973210716563,1,1.345973210716563,False
0.8705972594,180,1.807673323694919,0,0.0,False
0.0600866577000001,181,1.5885614056712924,0,0.0,False
0.8438951157000001,182,2.3304117566941422,1,2.3304117566941422,False
0.03514484520000005,183,1.923489623221693,0,0.0,False
0.00734582490000002,184,2.7952420399299784,0,0.0,False
0.008061991199999952,185,2.8688010409807676,1,2.8688010409807676,False
0.12940273840000005,186,2.346062607981544,0,0.0,False
0.00010889680000003565,187,1.2692840394082938,1,1.2692840394082938,False
0.29421498050000006,188,0.02504136205984303,1,0.02504136205984303,False
0.013222820099999977,189,1.461789510243337,1,1.461789510243337,False
0.9796676471000001,190,0.007825425643700947,0,0.0,False
0.9959298618000001,191,0.49769707093938026,0,0.0,False
0.001169510500000026,192,1.7795017913775955,0,0.0,False
0.038466196199999914,193,1.4477037440846754,0,0.0,False
0.9343951595,194,2.319456160792961,0,0.0,False
0.22815649859999998,195,0.2504136205984303,1,0.2504136205984303,False
3.2378000001109797e-06,196,2.162947647918942,1,2.162947647918942,False
0.013222817800000009,197,2.627777931154778,0,0.0,False
2.8857100000001523e-05,198,1.1190358670492355,1,1.1190358670492355,False
0.5,199,0.0,0,0.0,False
0.00317268270000004,200,2.3304117566941422,1,2.3304117566941422,False
0.0028895803999999803,201,2.4399677157059556,1,2.4399677157059556,False
0.05665242240000001,202,0.5743862422476496,0,0.0,False
0.026759283699999914,203,2.535437908559107,1,2.535437908559107,False
2.8857100000001523e-05,204,2.865670870723287,1,2.865670870723287,False
0.5389832207,205,2.4384026305772153,0,0.0,False
0.018546563699999963,206,0.6401198176547375,0,0.0,False
0.9046505360000001,207,0.36779500525394454,0,0.0,False
9.028040000003124e-05,208,2.6809908255319446,1,2.6809908255319446,False
0.37754066880000003,209,0.8404507141334818,0,0.0,False
5.369000000143842e-07,210,0.6620310094571001,1,0.6620310094571001,False
0.19682620210000001,211,1.369449487647666,0,0.0,False
0.0980793297,212,1.2019853788724655,0,0.0,False
0.03210070630000006,213,2.198944605879966,0,0.0,False
0.5078118643,214,0.12677189542795536,0,0.0,False
0.000487857199999997,215,2.781156273771317,1,2.781156273771317,False
0.6723316992000001,216,1.6495997256921597,0,0.0,False
0.05665241800000009,217,1.776371621120115,0,0.0,False
0.43782349910000007,218,1.510307149234283,1,1.510307149234283,False
0.45326184800000013,219,0.17685461954764142,0,0.0,False
0.09807932210000003,220,0.33805838780788094,0,0.0,False
0.25683198379999994,221,2.130080860215398,0,0.0,False
0.0003682979999999336,222,3.3821489632075497,1,3.3821489632075497,False
0.2689414174,223,1.8843624950031883,0,0.0,False
0.20181321099999994,224,0.7308947551216685,1,0.7308947551216685,False
1.0616099999971595e-05,225,1.1331216332078973,1,1.1331216332078973,False
0.00029595710000007713,226,2.4008405874874508,1,2.4008405874874508,False
0.5926666,227,1.0298260147110447,0,0.0,False
0.06560483899999991,228,1.3772749132913669,1,1.3772749132913669,False
0.3486451194,229,0.7089835633193059,0,0.0,False
0.09807932079999993,230,0.9813083757200989,0,0.0,False
0.0017546144000000208,231,2.0111343904311436,0,0.0,False
0.00015356239999997356,232,0.6072530299511936,1,0.6072530299511936,False
0.04603390000000007,233,2.716987783492969,0,0.0,False
0.00030534879999999376,234,0.30519160010433694,1,0.30519160010433694,False
0.021615328099999997,235,1.699682449811846,1,1.699682449811846,False
0.004070137500000071,236,3.1505163641540017,0,0.0,False
0.05033063029999996,237,1.3851003389350678,0,0.0,False
0.00010391060000003449,238,2.1848588397213047,1,2.1848588397213047,False
0.6297746074000001,239,0.8952286936393884,1,0.8952286936393884,False
0.06754668360000005,240,1.1456423142378187,1,1.1456423142378187,False
0.00010889680000003565,241,3.828198224898504,1,3.828198224898504,False
0.10374863019999991,242,1.5150024046205035,0,0.0,False
0.2018132158000001,243,-1.6214281933748365,0,-0.0,False
0.15203223780000008,244,1.2004202937437254,0,0.0,False
7.296399999967562e-06,245,0.33023296216417997,1,0.33023296216417997,False
0.20181321740000002,246,2.048696433520908,0,0.0,False
0.07159119750000009,247,0.5728211571189094,0,0.0,False
0.4225046348000001,248,1.369449487647666,0,0.0,False
5.738760000006948e-05,249,0.710548648448046,1,0.710548648448046,False
0.0003569705999999506,250,1.5071769789768026,1,1.5071769789768026,False
0.989986429,251,0.15494342774527875,0,0.0,False
1.6796999999790785e-06,252,3.211554684174869,1,3.211554684174869,False
0.0057302461999999554,253,3.2741580893244766,0,0.0,False
0.07159120480000003,254,1.1362518034653777,1,1.1362518034653777,False
0.2568320009,255,1.0767785685732505,1,1.0767785685732505,False
1.9334000000981177e-06,256,3.3383265796028243,1,3.3383265796028243,False
0.04468086400000004,257,1.9062736868055508,0,0.0,False
0.8991213764000001,258,2.8046325507024195,1,2.8046325507024195,False
0.044680863900000034,259,0.6761167756157619,1,0.6761167756157619,False
0.7718435014,260,1.23954742196223,0,0.0,False
0.008315777700000027,261,0.9938290567500203,0,0.0,False
0.9830850877000001,262,0.0015650851287401894,0,0.0,False
0.9980122263,263,1.9266197934791733,1,1.9266197934791733,False
0.0027149854999999334,264,3.7311629469166117,0,0.0,False
0.0015011822999999591,265,0.11581629952677402,1,0.11581629952677402,False
0.9883127388000001,266,0.8420157992622219,0,0.0,False
0.047425878100000096,267,0.4930018155531597,0,0.0,False
0.9940889321999999,268,0.2832804083019743,1,0.2832804083019743,False
0.2628418374000001,269,2.47596467366698,1,2.47596467366698,False
0.5312093734000001,270,2.618387420382337,0,0.0,False
0.6150878508,271,1.4398783184409745,0,0.0,False
0.9539660986,272,0.42726824014607173,0,0.0,False
0.1732881987999999,273,1.3412779553303424,0,0.0,False
0.08035746700000002,274,0.6933327120319039,0,0.0,False
0.042087726299999906,275,-0.03130170257480379,1,-0.03130170257480379,False
0.9998840807,276,3.5715242637851126,1,3.5715242637851126,False
0.01322282170000011,277,1.9062736868055508,0,0.0,False
0.8221891291000001,278,0.8795778423519865,1,0.8795778423519865,False
0.0005033356999999405,279,1.0000893972649811,0,0.0,False
0.0001609308999999115,280,2.2161605422961084,1,2.2161605422961084,False
5.6824000000954555e-06,281,4.839243218064666,1,4.839243218064666,False
0.6297746121000001,282,1.328757274300421,0,0.0,False
0.1192029188999999,283,1.4414434035697146,0,0.0,False
0.030214587999999987,284,2.947055297417777,1,2.947055297417777,False
3.535629999995571e-05,285,0.4507445170771746,1,0.4507445170771746,False
0.9999285809,286,1.0877341644744318,0,0.0,False
1.4510500000008975e-05,287,3.277288259581957,1,3.277288259581957,False
2.0785200000039694e-05,288,1.5071769789768026,1,1.5071769789768026,False
0.7826624636000001,289,2.444662971092176,0,0.0,False
0.027585283400000105,290,2.7780261035138363,1,2.7780261035138363,False
0.8080672167,291,0.10016544823937212,1,0.10016544823937212,False
4.1986300000074195e-05,292,1.9688770919551584,1,1.9688770919551584,False
1.3288000000333255e-06,293,1.5588247882252289,1,1.5588247882252289,False
0.028436029000000085,294,1.3334525296866415,0,0.0,False
0.0013250225999998921,295,2.263113096158314,0,0.0,False
0.9124361549,296,0.21441666263740597,0,0.0,False
2.3923499999911613e-05,297,3.194338747758727,1,3.194338747758727,False
0.00020342699999997826,298,2.1379062858590987,1,2.1379062858590987,False
0.0007321811000000622,299,-0.07355900105078891,1,-0.07355900105078891,False
0.03514484929999995,300,0.7418503510228498,1,0.7418503510228498,False
0.36296921009999994,301,0.9202700556992315,1,0.9202700556992315,False
0.004198795900000052,302,1.3522335512315238,0,0.0,False
0.00015598029999996932,303,0.6902025417744236,1,0.6902025417744236,False
0.004331501200000032,304,1.766981110347674,1,1.766981110347674,False
0.8267117855000001,305,1.8843624950031883,1,1.8843624950031883,False
0.01590639540000005,306,1.8029780683086984,0,0.0,False
0.002981033199999983,307,3.4666635601595197,0,0.0,False
0.017986210799999958,308,3.078522448231953,0,0.0,False
0.00011591929999998918,309,1.477440361530739,1,1.477440361530739,False
0.07807817309999998,310,1.3397128702016023,0,0.0,False
0.9241418297999999,311,1.264588784022073,0,0.0,False
0.007577240800000107,312,2.7075972727205277,1,2.7075972727205277,False
0.9669140187,313,0.35214415396654264,1,0.35214415396654264,False
2.947999999891593e-06,314,1.6574251513358607,1,1.6574251513358607,False
0.1645164656,315,-0.4163126442448904,1,-0.4163126442448904,False
0.18242552229999998,316,1.8593211329433452,0,0.0,False
0.0004728543999998891,317,1.0266958444535643,0,0.0,False
0.08756383629999998,318,2.1269506899579174,0,0.0,False
0.5,319,1.1941599532287646,1,1.1941599532287646,False
0.001367025700000024,320,1.1346867183366374,1,1.1346867183366374,False
5.255400000070409e-06,321,2.2271161381972897,1,2.2271161381972897,False
0.006692849500000042,322,1.6136027677311353,1,1.6136027677311353,False
0.30074559580000004,323,1.1362518034653777,1,1.1362518034653777,False
0.14033624099999997,324,1.3428430404590825,0,0.0,False
0.07585818489999996,325,1.6386441297909784,0,0.0,False
0.02843603519999993,326,0.8263649479748201,1,0.8263649479748201,False
0.07585818840000003,327,0.8607968208071043,1,0.8607968208071043,False
0.010652509400000065,328,3.319545558057942,0,0.0,False
0.4225046348000001,329,1.5040468087193222,0,0.0,False
2.15679999993057e-06,330,2.286589373089417,1,2.286589373089417,False
0.10669058489999994,331,1.3835352538063275,0,0.0,False
3.94426000001058e-05,332,0.6479452432984385,0,0.0,False
0.9982453855,333,0.11581629952677402,0,0.0,False
0.9553191287,334,-0.4397889211759933,0,-0.0,False
2.22530000004717e-06,335,2.0267852417185455,1,2.0267852417185455,False
0.01243164809999997,336,0.056343064634646826,1,0.056343064634646826,False
0.0926877693999999,337,0.9734829500763978,1,0.9734829500763978,False
0.00012533750000010002,338,2.1926842653650054,1,2.1926842653650054,False
9.874999999937017e-07,339,0.363099749867724,1,0.363099749867724,False
4.400120000003227e-05,340,0.4476143468196942,1,0.4476143468196942,False
1.4063999999924803e-05,341,2.047131348392168,1,2.047131348392168,False
0.11279540630000007,342,0.7919330751425359,1,0.7919330751425359,False
0.7490872130999999,343,2.3585832890114657,1,2.3585832890114657,False
0.0001465312999999746,344,1.3772749132913669,1,1.3772749132913669,False
1.8161999999488643e-06,345,1.461789510243337,1,1.461789510243337,False
2.947999999891593e-06,346,1.4085766158661706,1,1.4085766158661706,False
0.003483423700000099,347,2.081563221224452,1,2.081563221224452,False
0.9955316151,348,-0.42726824014607173,1,-0.42726824014607173,False
2.2474099999891806e-05,349,0.5164780924842626,1,0.5164780924842626,False
0.5621765008999999,350,0.2879756636881949,0,0.0,False
0.003172682199999999,351,1.4477037440846754,1,1.4477037440846754,False
0.015424548799999993,352,0.7528059469240311,1,0.7528059469240311,False
6.439000000080242e-06,353,3.1786878964713248,1,3.1786878964713248,False
0.3208213073999999,354,0.3192773662629987,0,0.0,False
9.818299999908575e-06,355,1.8890577503894088,1,1.8890577503894088,False
4.356899999891084e-06,356,1.8029780683086984,1,1.8029780683086984,False
0.0007321813000000787,357,1.9516611555390164,1,1.9516611555390164,False
0.9835969675,358,0.059473234892127205,0,0.0,False
0.0018675664000000758,359,0.47578587913701764,1,0.47578587913701764,False
2.3923499999911613e-05,360,3.585610029943774,1,3.585610029943774,False
0.3775406781999999,361,4.272682401460718,1,4.272682401460718,False
3.413000000396238e-07,362,0.42726824014607173,1,0.42726824014607173,False
0.45326184800000013,363,2.2975449689905982,1,2.2975449689905982,False
4.425500000015958e-06,364,2.8625407004658068,1,2.8625407004658068,False
1.3496999999862425e-06,365,2.419621609032333,1,2.419621609032333,False
5.562210000009671e-05,366,0.2958010893318958,1,0.2958010893318958,False
0.003707253700000024,367,2.0831283063531925,1,2.0831283063531925,False
2.857299999936558e-06,368,2.5244823126579257,1,2.5244823126579257,False
0.046033902100000024,369,2.338237182337843,0,0.0,False
0.5,370,0.0,0,0.0,False
0.00010071400000000175,371,0.13772749132913667,1,0.13772749132913667,False
0.1919327973,372,1.40388136047995,1,1.40388136047995,False
0.00026119030000004706,373,0.4554397724633952,1,0.4554397724633952,False
3.822910000006452e-05,374,2.4822250141819406,1,2.4822250141819406,False
0.9933071490000001,375,0.7042883079330853,0,0.0,False
0.00032503569999997595,376,1.0298260147110447,1,1.0298260147110447,False
0.9999190724,377,-0.05321289437716645,0,-0.0,False
9.275999999225348e-07,378,3.5308320504378674,1,3.5308320504378674,False
5.955100000010205e-06,379,3.7875060115512587,0,0.0,False
0.8872045867,380,0.5149130073555224,0,0.0,False
0.0094125907,381,1.5478691923240475,1,1.5478691923240475,False
0.055005292099999936,382,2.327281586436662,1,2.327281586436662,False
0.0041987954000000105,383,2.1441666263740595,0,0.0,False
0.00648826739999997,384,3.0440905753996685,0,0.0,False
0.0695417464000001,385,1.1299914629504169,0,0.0,False
3.480809999989454e-05,386,1.1753789316838823,1,1.1753789316838823,False
7.1832999999355e-06,387,2.245897159742172,1,2.245897159742172,False
0.048857774400000054,388,3.0988685549055752,0,0.0,False
0.0014103585000000418,389,0.0015650851287401894,1,0.0015650851287401894,False
0.22270014569999996,390,0.6135133704661543,0,0.0,False
7.602480000001854e-05,391,0.4867414750381989,1,0.4867414750381989,False
0.0015011819999999343,392,2.5479585895890287,0,0.0,False
6.302759999998742e-05,393,3.0863478738756536,1,3.0863478738756536,False
0.1008786290999999,394,1.1847694424563235,1,1.1847694424563235,False
6.0141500000110426e-05,395,2.1832937545925644,1,2.1832937545925644,False
1.1300800000002553e-05,396,2.817153231732341,0,0.0,False
0.00011412240000008289,397,2.3319768418228826,1,2.3319768418228826,False
0.0002868542000000751,398,4.003487759317405,0,0.0,False
0.08269735059999994,399,3.948709779811498,1,3.948709779811498,False
6.709219999989635e-05,400,1.5353485112941259,1,1.5353485112941259,False
0.014503577599999984,401,2.0518266037783883,0,0.0,False
0.009125637299999934,402,1.0611277172858484,0,0.0,False
0.0020507432000000936,403,2.9533156379327377,0,0.0,False
1.2679000001014629e-06,404,0.7074184781905657,1,0.7074184781905657,False
0.939913351,405,0.3333631324216604,0,0.0,False
4.400120000003227e-05,406,0.5978625191787524,1,0.5978625191787524,False
0.1480471968000001,407,2.8374993384059635,0,0.0,False
1.4971099999927517e-05,408,0.14555291697283762,1,0.14555291697283762,False
0.8175744762000001,409,0.017215936416142084,0,0.0,False
0.9981897892,410,0.05321289437716645,0,0.0,False
0.9196425296999999,411,0.8983588638968688,0,0.0,False
0.1403362519,412,1.0251307593248242,1,1.0251307593248242,False
0.2814056034000001,413,1.7654160252189337,0,0.0,False
0.34864513529999996,414,1.4351830630547537,1,1.4351830630547537,False
0.058345835999999984,415,2.571434866520131,0,0.0,False
2.521599999916191e-06,416,2.289719543346897,1,2.289719543346897,False
8.220189999996741e-05,417,1.7575905995752328,1,1.7575905995752328,False
0.12940273270000002,418,0.7747171387263938,0,0.0,False
3.44660000006769e-06,419,0.47578587913701764,1,0.47578587913701764,False
0.7490872282000001,420,0.1064257887543329,0,0.0,False
3.0242000000013647e-05,421,0.6244689663673356,1,0.6244689663673356,False
0.6224593383000001,422,1.2927603163393966,1,1.2927603163393966,False
0.8080672120000001,423,0.6182086258523749,1,0.6182086258523749,False
0.9995891514999999,424,0.16120376826023952,0,0.0,False
0.004198795199999994,425,2.6230826757685577,0,0.0,False
0.016914914500000044,426,2.3601483741402056,1,2.3601483741402056,False
0.5467381520000001,427,0.6933327120319039,0,0.0,False
0.07159120139999997,428,2.516656887014225,0,0.0,False
0.008061990499999894,429,1.6151678528598756,0,0.0,False
9.818299999908575e-06,430,1.0924294198606523,1,1.0924294198606523,False
0.0006263341999999117,431,0.10173053336811232,1,0.10173053336811232,False
0.9893474887,432,0.42883332527481194,0,0.0,False
0.005911068799999919,433,1.4649196805008173,1,1.4649196805008173,False
0.036220056199999906,434,2.577695207035092,0,0.0,False
0.004070137000000029,435,1.2207664004173477,0,0.0,False
0.9732407174,436,-0.007825425643700947,0,-0.0,False
0.0006667023999999966,437,2.0205249012035846,0,0.0,False
0.004331502399999909,438,0.8404507141334818,1,0.8404507141334818,False
0.5698526514,439,0.23163259905354805,0,0.0,False
0.0022518474999999594,440,0.10173053336811232,0,0.0,False
0.5621765008999999,441,1.371014572776406,0,0.0,False
1.6964400000096802e-05,442,3.825068054641023,1,3.825068054641023,False
6.814870000004802e-05,443,1.3819701686775874,1,1.3819701686775874,False
0.0034834236000000907,444,1.6151678528598756,0,0.0,False
0.0001795280000000954,445,2.601171483966195,1,2.601171483966195,False
0.000779365999999948,446,1.0032195675224616,0,0.0,False
0.0004583128999999797,447,1.6167329379886157,1,1.6167329379886157,False
0.7057850133000001,448,0.27858515291575375,0,0.0,False
5.2252299999944185e-05,449,2.7623752522264344,1,2.7623752522264344,False
0.031143834899999945,450,1.3772749132913669,1,1.3772749132913669,False
0.787931189,451,0.16120376826023952,1,0.16120376826023952,False
0.001754614500000029,452,1.477440361530739,0,0.0,False
0.019124035199999945,453,2.418056523903593,0,0.0,False
0.0009110513999999181,454,1.8530607924283844,1,1.8530607924283844,False
6.54040000003242e-06,455,1.156597910139,1,1.156597910139,False
9.761570000010877e-05,456,1.957921496053977,1,1.957921496053977,False
0.0001660385999999736,457,0.21911191802362653,1,0.21911191802362653,False
0.9525741250000002,458,0.20502615186496484,0,0.0,False
0.019719127499999933,459,3.931493843395356,0,0.0,False
1.9525899999983665e-05,460,1.4649196805008173,1,1.4649196805008173,False
0.9999053873000001,461,0.6009926894362327,1,0.6009926894362327,False
0.4921881357,462,-0.037562043089764546,0,-0.0,False
0.002182715800000068,463,2.0533916889071286,0,0.0,False
0.005060332400000034,464,2.3992755023587105,1,2.3992755023587105,False
0.02161533019999995,465,1.81706383446736,0,0.0,False
0.03308597680000003,466,0.9359209069866333,1,0.9359209069866333,False
0.0003682979999999336,467,1.48526578717444,1,1.48526578717444,False
0.7248702662,468,0.8060188413011976,0,0.0,False
0.0013670256000000158,469,0.39283636731378757,1,0.39283636731378757,False
0.04084571700000006,470,-0.5790814976338702,1,-0.5790814976338702,False
0.7371581626000001,471,0.7637615428252125,0,0.0,False
0.8740772418,472,1.0626928024145887,1,1.0626928024145887,False
0.5,473,0.0,0,0.0,False
3.1693299999968616e-05,474,1.5400437666803466,1,1.5400437666803466,False
0.02843603420000007,475,-0.0015650851287401894,1,-0.0015650851287401894,False
1.0348999999187924e-06,476,0.5649957314752084,1,0.5649957314752084,False
7.296399999967562e-06,477,0.35214415396654264,1,0.35214415396654264,False
0.04336579539999996,478,1.040781610612226,1,1.040781610612226,False
2.1112500000031176e-05,479,0.3474488985803221,1,0.3474488985803221,False
0.0017007224000000765,480,1.5040468087193222,0,0.0,False
0.04468086920000003,481,0.2958010893318958,0,0.0,False
0.0035936031999999063,482,1.4977864682043613,0,0.0,False
1.112559999993934e-05,483,2.2599829259008337,1,2.2599829259008337,False
0.9399133457,484,0.8060188413011976,0,0.0,False
4.566000000094661e-06,485,1.0611277172858484,1,1.0611277172858484,False
0.9755769123,486,0.7355900105078891,0,0.0,False
0.9481545310000001,487,2.5072663762417835,1,2.5072663762417835,False
0.00014883849999991483,488,0.5336940289004046,1,0.5336940289004046,False
4.86040000002852e-06,489,0.42100789963111096,1,0.42100789963111096,False
0.9956684982999999,490,1.1753789316838823,0,0.0,False
0.001754614099999996,491,1.7622858549614535,0,0.0,False
0.30074556630000004,492,0.14398783184409744,0,0.0,False
0.8354835454,493,-0.20346106673622463,1,-0.20346106673622463,False
0.0011335691000000647,494,0.7653266279539527,0,0.0,False
2.355260000008741e-05,495,0.148683087230318,1,0.148683087230318,False
0.6150878437,496,0.7340249253791489,0,0.0,False
0.05340333220000004,497,1.3976210199649892,0,0.0,False
0.6370307806,498,1.1832043573275832,0,0.0,False
0.21206880940000006,499,2.518221972142965,0,0.0,False
1.482400000085704e-06,500,0.8263649479748201,1,0.8263649479748201,False
0.9999917321,501,-0.02504136205984303,0,-0.0,False
0.00831577629999991,502,1.8233241749823208,0,0.0,False
4.9369999999271386e-06,503,2.244332074613432,1,2.244332074613432,False
0.003376612500000098,504,0.39909670782874834,0,0.0,False
3.340499999948676e-06,505,2.189554095107525,1,2.189554095107525,False
5.39108999999538e-05,506,0.2660644718858322,1,0.2660644718858322,False
0.0715911924999999,507,3.0581763415583305,0,0.0,False
3.967000000049126e-06,508,2.9016678286843116,1,2.9016678286843116,False
0.03308597559999993,509,0.42726824014607173,0,0.0,False
1.4971099999927517e-05,510,0.7559361171815115,1,0.7559361171815115,False
0.07585818,511,0.46952553862205687,1,0.46952553862205687,False
0.8175744851,512,1.1941599532287646,0,0.0,False
0.9896718466000001,513,0.21754683289488636,0,0.0,False
0.00012148179999993403,514,1.1206009521779756,1,1.1206009521779756,False
0.03514484520000005,515,1.6089075123449148,0,0.0,False
1.2679000001014629e-06,516,1.23798233683349,1,1.23798233683349,False
0.00031503859999992834,517,1.164423335782701,1,1.164423335782701,False
0.08035747330000009,518,1.3851003389350678,0,0.0,False
0.001867566100000051,519,1.6652505769795616,0,0.0,False
2.561300000092359e-06,520,2.3491927782390243,1,2.3491927782390243,False
0.1871326821999999,521,1.1409470588515982,0,0.0,False
0.4225046348000001,522,0.8748825869657659,1,0.8748825869657659,False
0.5,523,0.801323585914977,1,0.801323585914977,False
0.9999857145,524,0.867057161322065,0,0.0,False
1.1478800000075395e-05,525,0.7277645848641882,1,0.7277645848641882,False
0.06371499640000011,526,0.05321289437716645,1,0.05321289437716645,False
2.6274799999947973e-05,527,0.090774937466931,1,0.090774937466931,False
0.003945406799999995,528,0.15807359800275914,0,0.0,False
0.7981867793999999,529,-0.7465456064090704,1,-0.7465456064090704,False
0.01363683189999998,530,1.023565674196084,0,0.0,False
0.9416541555,531,0.08138442669448985,1,0.08138442669448985,False
0.0046095720999999035,532,1.189464697842544,0,0.0,False
4.611269999998946e-05,533,1.8108034939523994,1,1.8108034939523994,False
0.0015011821999999508,534,1.48683087230318,1,1.48683087230318,False
0.03622005570000009,535,0.48204621965197836,1,0.48204621965197836,False
1.5936600000099332e-05,536,1.0626928024145887,1,1.0626928024145887,False
3.6689000000311722e-06,537,0.0015650851287401894,1,0.0015650851287401894,False
0.000732181400000087,538,1.1378168885941178,1,1.1378168885941178,False
0.025957357600000064,539,3.5903052853299946,1,3.5903052853299946,False
0.782662467,540,0.6635960945858403,1,0.6635960945858403,False
0.00036829789999992535,541,1.4242274671535724,1,1.4242274671535724,False
0.5926666,542,0.5243035181279635,1,0.5243035181279635,False
0.005060331599999968,543,1.9876581135000406,0,0.0,False
0.002981033199999983,544,2.058086944293349,0,0.0,False
0.9942697535,545,-0.009390510772441137,0,-0.0,False
0.07369626559999998,546,0.5086526668405617,0,0.0,False
0.006692848299999943,547,2.2490273299996524,0,0.0,False
0.008315776799999952,548,1.8029780683086984,0,0.0,False
0.2877678054999999,549,0.42257298475985117,1,0.42257298475985117,False
0.15203224679999994,550,0.355274324224023,1,0.355274324224023,False
0.9416541599000001,551,0.6557706689421394,1,0.6557706689421394,False
0.0018675656000000096,552,0.834190373618521,0,0.0,False
0.3629692124999999,553,1.6417743000484588,1,1.6417743000484588,False
0.7431680143000001,554,1.0517372065134074,0,0.0,False
0.03732688769999992,555,1.8608862180720853,0,0.0,False
0.0003569705999999506,556,2.2599829259008337,1,2.2599829259008337,False
0.0010817154000000162,557,2.022089986332325,0,0.0,False
0.0002571419999999325,558,2.094083902254374,0,0.0,False
0.0002611905000000636,559,1.3678844025189256,1,1.3678844025189256,False
0.3998116407000001,560,2.5150918018854846,0,0.0,False
0.014957084299999979,561,3.0847827887469137,0,0.0,False
0.4687906265999999,562,0.8420157992622219,1,0.8420157992622219,False
0.9989012692000001,563,0.42726824014607173,0,0.0,False
0.9998204720000001,564,0.27545498265827334,0,0.0,False
0.8354835371,565,1.1957250383575049,1,1.1957250383575049,False
0.09268777279999996,566,0.6416849027834777,0,0.0,False
0.0003569705999999506,567,2.7216830388791897,1,2.7216830388791897,False
0.9867771767,568,0.2551088759846509,0,0.0,False
0.6654105431999999,569,-0.26293430162835185,1,-0.26293430162835185,False
0.0033766123000000814,570,-0.22850242879606766,1,-0.22850242879606766,False
0.9871787855,571,0.388141111927567,0,0.0,False
0.0053849399000001075,572,1.056432461899628,0,0.0,False
1.5780000000020777e-06,573,0.020346106673622463,1,0.020346106673622463,False
0.0017007224000000765,574,1.699682449811846,1,1.699682449811846,False
0.9982992776000001,575,0.09547019285315156,0,0.0,False
0.987178785,576,-0.33962347293662115,1,-0.33962347293662115,False
1.7502900000021526e-05,577,2.090953731996893,1,2.090953731996893,False
0.00021654409999993796,578,4.156866101933943,1,4.156866101933943,False
0.8080672151000001,579,2.1191252643142167,0,0.0,False
0.637030776,580,0.7559361171815115,0,0.0,False
0.8080672072999999,581,1.4649196805008173,0,0.0,False
0.00024156639999994844,582,1.8640163883295657,0,0.0,False
0.06754668739999992,583,2.0753028807094913,0,0.0,False
0.012053777200000004,584,1.371014572776406,0,0.0,False
0.007577240400000074,585,1.5306532559079054,1,1.5306532559079054,False
0.7248702802,586,0.8842730977382071,1,0.8842730977382071,False
0.13296422520000006,587,0.8107140966874182,0,0.0,False
5.014699999916772e-06,588,1.1425121439803383,1,1.1425121439803383,False
0.008847354700000087,589,1.3537986363602639,1,1.3537986363602639,False
0.9626731103000001,590,0.6041228596937132,0,0.0,False
2.5071600000092786e-05,591,2.2333764787122505,1,2.2333764787122505,False
0.002182715800000068,592,2.9783569999925805,0,0.0,False
0.0025509121000000246,593,1.9015784314193303,1,1.9015784314193303,False
0.00591106990000001,594,3.0753922779744722,0,0.0,False
0.32082130080000004,595,2.114430008927996,1,2.114430008927996,False
0.39233682299999995,596,1.2238965706748282,0,0.0,False
0.010328152999999896,597,0.007825425643700947,1,0.007825425643700947,False
0.00047285449999989737,598,0.6823771161307226,1,0.6823771161307226,False
0.008315777800000035,599,3.2600723231658146,0,0.0,False
0.1441488529999999,600,0.3584044944815034,1,0.3584044944815034,False
0.07369627109999999,601,2.532307738301627,0,0.0,False
9.722000000600417e-07,602,2.097214072511854,1,2.097214072511854,False
0.00013135179999990143,603,3.71551209562921,1,3.71551209562921,False
0.3557748705999999,604,1.4273576374110528,0,0.0,False
0.004609571900000109,605,1.2254616558035685,0,0.0,False
0.4921881357,606,1.4586593399858567,0,0.0,False
0.07807815790000006,607,2.037740837619727,0,0.0,False
0.0008559003999999426,608,0.4319634955322923,1,0.4319634955322923,False
0.07159119009999992,609,3.097303469776835,0,0.0,False
0.20689404720000004,610,0.4397889211759933,0,0.0,False
0.0015487609000000013,611,2.2568527556433535,0,0.0,False
4.289300000070995e-06,612,0.6135133704661543,1,0.6135133704661543,False
0.0012448431000000593,613,0.3427536431941015,1,0.3427536431941015,False
0.3557748935,614,0.38344585654134644,0,0.0,False
0.0005527785999999146,615,0.3255377067779594,1,0.3255377067779594,False
0.9566342108000001,616,0.4350936657897727,0,0.0,False
0.0953494735,617,0.39753162270000814,1,0.39753162270000814,False
0.00025714209999994075,618,0.1643339385177199,1,0.1643339385177199,False
0.013222823100000003,619,2.493180610083122,1,2.493180610083122,False
0.0006263339999998951,620,0.17685461954764142,1,0.17685461954764142,False
0.9984988175,621,0.1064257887543329,1,0.1064257887543329,False
4.86040000002852e-06,622,0.3474488985803221,1,0.3474488985803221,False
0.0003250357999999842,623,0.4178777293736306,1,0.4178777293736306,False
5.862799999922785e-06,624,0.1658990236464601,1,0.1658990236464601,False
0.5851011542,625,1.3647542322614452,1,1.3647542322614452,False
1.8342900000023477e-05,626,0.0015650851287401894,1,0.0015650851287401894,False
0.00013552090000001904,627,0.181549874933862,0,0.0,False
0.000709670500000037,628,0.776282223855134,0,0.0,False
0.6513548647,629,0.007825425643700947,0,0.0,False
0.9999955048,630,0.11425121439803383,0,0.0,False
0.00014425980000010163,631,0.7136788187055264,0,0.0,False
0.9981324342,632,0.5070875817118214,0,0.0,False
7.031180000005577e-05,633,0.3584044944815034,1,0.3584044944815034,False
0.9998840807,634,0.0,0,0.0,False
0.9919380109,635,0.043822383604725304,0,0.0,False
0.9992903298,636,0.2691946421433126,0,0.0,False
0.000335349800000051,637,0.18468004519134237,1,0.18468004519134237,False
0.5,638,0.0,0,0.0,False
0.5,639,0.0,0,0.0,False
0.01243165150000003,640,0.007825425643700947,1,0.007825425643700947,False
0.8933094041,641,0.3740553457689053,0,0.0,False
0.0023231623999999673,642,0.627599136624816,1,0.627599136624816,False
0.9958012056000001,643,0.16120376826023952,0,0.0,False
0.015424554199999996,644,2.3116307351492598,0,0.0,False
8.75030000000443e-05,645,2.3538880336252452,1,2.3538880336252452,False
0.6791786992,646,0.6416849027834777,1,0.6416849027834777,False
0.996406398,647,0.6714215202295413,1,0.6714215202295413,False
0.20181323509999993,648,2.1410364561165793,0,0.0,False
2.5466399999896083e-05,649,0.8827080126094669,1,0.8827080126094669,False
0.005060332700000059,650,2.2177256274248487,0,0.0,False
0.9999944923999999,651,0.12520681029921515,0,0.0,False
0.9958012061000001,652,0.6056879448224534,0,0.0,False
2.2603000000565032e-06,653,2.1175601791854763,1,2.1175601791854763,False
0.01168725709999996,654,0.043822383604725304,1,0.043822383604725304,False
0.00020027369999997546,655,0.8201046074598594,1,0.8201046074598594,False
4.450999999683347e-07,656,0.32084245139173884,1,0.32084245139173884,False
2.521599999916191e-06,657,0.5978625191787524,1,0.5978625191787524,False
0.9999097196,658,0.3411885580653613,0,0.0,False
0.1159607038999999,659,0.4554397724633952,1,0.4554397724633952,False
0.9996259043,660,-0.004695255386220568,0,-0.0,False
0.5,661,0.0,0,0.0,False
0.5,662,0.0,0,0.0,False
0.994615061,663,0.6150784555948945,0,0.0,False
0.5312093734000001,664,0.6135133704661543,0,0.0,False
0.08756383470000006,665,1.8342797708835021,0,0.0,False
0.0002694789999999614,666,0.014085766158661707,1,0.014085766158661707,False
8.888079999991305e-05,667,0.41318247398741004,0,0.0,False
0.9979492565000001,668,0.08138442669448985,0,0.0,False
0.9099070159,669,1.2113758896449067,0,0.0,False
7.528000000034396e-06,670,0.4194428145023708,0,0.0,False
0.06371498649999996,671,1.2035504640012058,1,1.2035504640012058,False
0.9465966712,672,0.051647809248426255,0,0.0,False
1.0616099999971595e-05,673,0.10016544823937212,1,0.10016544823937212,False
0.9994115911000001,674,0.07981934156574967,0,0.0,False
1.2805499999934966e-05,675,0.5180431776130028,1,0.5180431776130028,False
0.0007321813000000787,676,0.9374859921153735,0,0.0,False
0.005554926000000071,677,0.6448150730409581,0,0.0,False
2.0462900000017825e-05,678,0.5336940289004046,1,0.5336940289004046,False
0.00141035860000005,679,0.17685461954764142,0,0.0,False
0.7879312023,680,0.7747171387263938,0,0.0,False
0.0803574681000001,681,0.511782837098042,0,0.0,False
0.004905406000000001,682,1.8014129831799581,1,1.8014129831799581,False
0.9999008471999999,683,2.087823561739413,0,0.0,False
0.5234203489,684,0.8138442669448985,0,0.0,False
0.5621765008999999,685,0.867057161322065,1,0.867057161322065,False
0.7549149869,686,1.3678844025189256,0,0.0,False
0.053403326500000015,687,2.9595759784476985,0,0.0,False
2.7969300000041386e-05,688,3.0534810861721096,1,3.0534810861721096,False
0.023689469700000076,689,0.5759513273763898,1,0.5759513273763898,False
0.0007321810000000539,690,2.7044671024630476,0,0.0,False
0.000249232500000085,691,2.6356033567984793,0,0.0,False
0.0011695107000000426,692,1.0673880578008093,1,1.0673880578008093,False
2.406099999907596e-06,693,0.006260340514960758,1,0.006260340514960758,False
0.003172683799999909,694,1.7967177277937376,1,1.7967177277937376,False
0.0071214293999999345,695,2.3898849915862694,0,0.0,False
0.15203224159999995,696,2.1613825627902017,0,0.0,False
0.8311430478999999,697,0.816974437202379,0,0.0,False
0.00062633429999992,698,0.2206770031523667,1,0.2206770031523667,False
0.10669059200000008,699,1.5353485112941259,0,0.0,False
0.9947798729000001,700,0.12520681029921515,0,0.0,False
0.4225046348000001,701,0.9296605664716726,1,0.9296605664716726,False
2.3187500000076966e-05,702,0.4350936657897727,1,0.4350936657897727,False
0.015906388999999965,703,2.4571836521220978,0,0.0,False
0.8519527930999999,704,0.3286678770354398,1,0.3286678770354398,False
4.86040000002852e-06,705,1.3491033809740434,1,1.3491033809740434,False
0.025957355799999915,706,1.8796672396169676,0,0.0,False
0.9381240174000001,707,0.7089835633193059,0,0.0,False
4.637900000048489e-06,708,0.24102310982598918,1,0.24102310982598918,False
0.003593603099999898,709,0.33962347293662115,0,0.0,False
0.024423091300000088,710,1.7372444929016104,0,0.0,False
1.0510999999269188e-06,711,0.2566739611133911,1,0.2566739611133911,False
0.13296424140000007,712,0.6088181150799338,0,0.0,False
0.5,713,0.0,0,0.0,False
8.530299999920388e-06,714,0.3271027919066996,1,0.3271027919066996,False
3.591300000005404e-05,715,1.3741447430338865,1,1.3741447430338865,False
6.814870000004802e-05,716,0.11268612926929365,1,0.11268612926929365,False
4.356899999891084e-06,717,0.17059427903268065,1,0.17059427903268065,False
1.2411499999975817e-05,718,0.20659123699370502,1,0.20659123699370502,False
0.9992903297,719,0.39127128218504736,0,0.0,False
0.0005884087000000982,720,0.4350936657897727,1,0.4350936657897727,False
0.0006263341999999117,721,3.3649330267914075,0,0.0,False
0.6723316860000002,722,0.8733175018370257,1,0.8733175018370257,False
4.3820000006355997e-07,723,0.1658990236464601,1,0.1658990236464601,False
9.972900000043694e-06,724,0.35370923909528285,1,0.35370923909528285,False
5.285999999937729e-07,725,2.9173186799717135,1,2.9173186799717135,False
0.17328820310000004,726,2.1347761156016185,0,0.0,False
0.09009299479999999,727,2.004874049916183,1,2.004874049916183,False
1.2029599999907603e-05,728,1.8781021544882275,1,1.8781021544882275,False
0.0001795280000000954,729,1.874971984230747,1,1.874971984230747,False
0.09534946320000004,730,2.385189736200049,0,0.0,False
0.0003150386999999366,731,2.693511506561866,1,2.693511506561866,False
0.00023782219999990417,732,2.286589373089417,1,2.286589373089417,False
0.00018522569999990246,733,3.047220745657149,0,0.0,False
0.6926419746000001,734,1.9751374324701192,0,0.0,False
0.0019267347000000434,735,3.452577794000858,1,3.452577794000858,False
0.039638842200000024,736,2.3085005648917796,0,0.0,False
0.0006667025000000049,737,2.8625407004658068,0,0.0,False
0.0080619930000001,738,2.541698249074068,0,0.0,False
0.1645164656,739,1.5369135964228662,0,0.0,False
0.09534946320000004,740,1.8546258775571245,0,0.0,False
0.006692850699999919,741,2.817153231732341,0,0.0,False
0.05500528909999991,742,3.1833831518575457,1,3.1833831518575457,False
0.035144847199999996,743,1.6511648108209,0,0.0,False
1.1300800000002553e-05,744,1.8593211329433452,1,1.8593211329433452,False
0.0011695107000000426,745,1.7028126200693263,0,0.0,False
4.9086600000025626e-05,746,1.5290881707791653,1,1.5290881707791653,False
0.9875683492,747,-0.14555291697283762,1,-0.14555291697283762,False
0.00043055710000006187,748,1.7278539821291692,0,0.0,False
2.6688499999982795e-05,749,2.3930151618437496,1,2.3930151618437496,False
0.7431680277000001,750,1.4664847656295577,1,1.4664847656295577,False
0.00011412250000009116,751,1.0595626321571083,1,1.0595626321571083,False
7.141899999996149e-05,752,2.403970757744931,1,2.403970757744931,False
0.013222825399999971,753,2.270938521802015,0,0.0,False
0.9284088099000001,754,0.9202700556992315,0,0.0,False
0.019124039100000045,755,2.2005096910087065,0,0.0,False
0.00205074340000011,756,2.3351070120803628,0,0.0,False
7.767000000047375e-06,757,2.8061976358311598,1,2.8061976358311598,False
0.6992544211,758,1.4054464456086901,0,0.0,False
2.3187500000076966e-05,759,1.6042122569586943,1,1.6042122569586943,False
0.04208772570000008,760,1.726288897000429,0,0.0,False
0.2628418374000001,761,2.3570182038827254,0,0.0,False
4.566000000094661e-06,762,2.6653399742445427,1,2.6653399742445427,False
4.9369999999271386e-06,763,3.1520814492827416,1,3.1520814492827416,False
0.01971912989999991,764,3.2162499395610893,0,0.0,False
0.9763105257,765,1.0877341644744318,0,0.0,False
7.484619999997832e-05,766,0.9891338013637998,1,0.9891338013637998,False
1.98333999998912e-05,767,2.7592450819689542,1,2.7592450819689542,False
0.5,768,2.187989009978785,0,0.0,False
0.19193279109999994,769,1.8483655370421639,0,0.0,False
0.2509127794000001,770,1.849930622170904,1,1.849930622170904,False
0.23370637480000012,771,1.1440772291090786,1,1.1440772291090786,False
0.004468384299999961,772,0.9672226095614371,1,0.9672226095614371,False
0.9978172835000001,773,1.4555291697283763,0,0.0,False
0.9669140247000001,774,1.2786745501807348,0,0.0,False
0.042087730900000064,775,2.1848588397213047,0,0.0,False
0.01640303689999989,776,0.9625273541752165,1,0.9625273541752165,False
0.004468385000000019,777,2.133211030472878,0,0.0,False
2.6274799999947973e-05,778,2.037740837619727,1,2.037740837619727,False
0.010652510099999901,779,2.8531501896933653,0,0.0,False
0.005911068799999919,780,2.7764610183850964,0,0.0,False
0.00021654409999993796,781,2.64342878244218,0,0.0,False
0.013222822299999937,782,2.8907122327831303,0,0.0,False
0.014063626800000062,783,2.2161605422961084,0,0.0,False
0.0004044815999999507,784,2.3319768418228826,0,0.0,False
0.8740772352000001,785,-0.35057906883780243,0,-0.0,False
0.008061991199999952,786,1.0939945049893924,1,1.0939945049893924,False
0.26894143710000007,787,0.8733175018370257,0,0.0,False
0.9777138137000001,788,2.5557840152327294,0,0.0,False
0.5156199157000001,789,1.3851003389350678,0,0.0,False
4.539779999990223e-05,790,2.022089986332325,1,2.022089986332325,False
0.9173026596,791,0.9484415880165549,0,0.0,False
0.9924227574,792,0.06260340514960758,0,0.0,False
5.338200000037929e-06,793,0.14398783184409744,1,0.14398783184409744,False
2.5071600000092786e-05,794,0.3177122811342585,1,0.3177122811342585,False
0.061875987499999896,795,1.4023162753512097,0,0.0,False
0.0069038371000000875,796,0.13772749132913667,1,0.13772749132913667,False
0.11920291989999998,797,0.8858381828669473,0,0.0,False
0.13296423560000004,798,1.5431739369378268,1,1.5431739369378268,False
0.3702253833,799,0.594732348921272,0,0.0,False
0.3007455726000001,800,2.8453247640496646,1,2.8453247640496646,False
0.6584175051000001,801,1.873406899102007,1,1.873406899102007,False
0.9465966652,802,1.4930912128181408,0,0.0,False
0.0040701381999999064,803,0.9484415880165549,1,0.9484415880165549,False
0.00628990280000008,804,2.7451593158102923,1,2.7451593158102923,False
